corpus_id,old_decision,new_decision,civil_reason_category,mapped_screening_reason_category,civil_confidence,civil_notes,Title,DOI,Source title
paper-0011,included,excluded,civil_geotechnical_infrastructure,environment_natural_system,high,bridge structure condition assessment,Accurate assessment technology of BIM bridge structure status using spatiotemporal transformation graph neural network,10.1007/s43926-026-00321-x,Discover Internet of Things
paper-0043,included,excluded,civil_geotechnical_infrastructure,environment_natural_system,high,pothole pavement monitoring,3D vision and depth sensing for intelligent pothole detection using time-of-flight imaging,10.1016/j.measen.2026.102002,Measurement: Sensors
paper-0045,included,excluded,civil_geotechnical_infrastructure,environment_natural_system,high,road surface classification,IDRRS: IOT INERTIAL DEVICE FOR REAL-TIME ROAD SURFACE CLASSIFICATION AND POSITION ESTIMATION ENHANCEMENT; [IDRRS: ИНЕРЦИАЛЬНОЕ ИОТ-УСТРОЙСТВО ДЛЯ КЛАССИФИКАЦИИ ДОРОЖНОГО ПОКРЫТИЯ В РЕЖИМЕ РЕАЛЬНОГО ВРЕМЕНИ И ПОВЫШЕНИЯ ТОЧНОСТИ ОЦЕНКИ МЕСТОПОЛОЖЕНИЯ],10.15622/ia.25.2.7,Informatics and Automation
paper-0074,included,excluded,civil_geotechnical_infrastructure,environment_natural_system,high,railway track irregularity monitoring,An approach based on a single bogie-mounted sensor for estimating track vertical irregularity from in-service railway vehicles,10.1016/j.advengsoft.2026.104209,Advances in Engineering Software
paper-0132,included,excluded,civil_geotechnical_infrastructure,environment_natural_system,high,wharf pile structural monitoring,Field-Validated Digital Twin–Enabled Structural Health Monitoring for Offshore High-Pile Wharves,10.70917/fce-2026-010,Future Cities and Environment
paper-0151,included,excluded,civil_geotechnical_infrastructure,environment_natural_system,high,reinforced concrete maintenance modeling,Effect of uncertainty in calibrated chloride diffusion coefficients on maintenance and life-cycle decisions of reinforced concrete structures,10.1016/j.cemconcomp.2026.106552,Cement and Concrete Composites
paper-0156,included,excluded,civil_geotechnical_infrastructure,environment_natural_system,high,bridge damage detection,Optimal reduced-order model for Vehicle-Bridge Interaction and bridge damage detection using model based SHM-ML techniques,10.1016/j.ymssp.2026.114188,Mechanical Systems and Signal Processing
paper-0186,included,excluded,civil_geotechnical_infrastructure,environment_natural_system,high,bridge damage mapping,Automated bridge damage mapping from UAV imagery slicing with BIM-based enrichment,10.1016/j.engstruct.2026.122909,Engineering Structures
paper-0202,included,excluded,civil_geotechnical_infrastructure,environment_natural_system,high,civil structural condition assessment,Automated damage identification for condition monitoring using short and time-varying structural responses,10.1007/s13349-025-01064-z,Journal of Civil Structural Health Monitoring
paper-0225,included,excluded,civil_geotechnical_infrastructure,environment_natural_system,high,civil structure crack detection,Advanced Hybrid Transformer–CNN Vision Framework for Automated Crack Detection to Enhance Structural Condition Assessment of Civil Structures,10.3390/app16094549,Applied Sciences (Switzerland)
paper-0240,included,excluded,civil_geotechnical_infrastructure,environment_natural_system,high,concrete rail track slab fatigue,Physics-guided GNN-transformer model for multi-scale fatigue life prediction of concrete track slabs in high-speed railways,10.1038/s41598-026-37173-y,Scientific Reports
paper-0241,included,excluded,civil_geotechnical_infrastructure,environment_natural_system,high,reinforced concrete cracking,A transfer learning approach to predict corrosion-induced concrete cracking based on steel weight loss distributions,10.1016/j.strusafe.2025.102684,Structural Safety
paper-0242,included,excluded,civil_geotechnical_infrastructure,environment_natural_system,high,high-speed rail track defects,Research on multi-stage on-board detection algorithm of track defects of high-speed railway based on the influence mechanism of track defects,10.1038/s41598-025-34483-5,Scientific Reports
paper-0294,included,excluded,civil_geotechnical_infrastructure,environment_natural_system,high,urban road crack detection,Urban road surface crack detection based on U-net and ResNeXt network,10.1371/journal.pone.0347145,PLOS ONE
paper-0295,included,excluded,civil_geotechnical_infrastructure,environment_natural_system,high,railway ballast defect detection,Research on the Application of Time-Frequency Characteristics of GPR in Railway Mud Pumping Intelligent Detection,10.3390/rs18091393,Remote Sensing
paper-0299,included,excluded,civil_geotechnical_infrastructure,environment_natural_system,high,steel railway bridge fatigue,Direct estimation of fatigue stress spectra from bridge vibration signals using an attention-enhanced convolutional neural network,10.1016/j.engstruct.2026.122514,Engineering Structures
paper-0310,included,excluded,civil_geotechnical_infrastructure,environment_natural_system,high,road damage classification,COMPARATIVE EVALUATION OF CNN ARCHITECTURES FOR ROAD DAMAGE CLASSIFICATION USING DIGITAL IMAGES IN SLEMAN REGENCY,10.30598/barekengvol20iss3pp2681-2692,Barekeng
paper-0318,included,excluded,civil_geotechnical_infrastructure,environment_natural_system,medium,urban water network leakage monitoring,Urban Water Leakage Detection System over Dark Fiber Networks Based on Distributed Acoustic Sensing and Sparse Autoencoders,10.3390/s26072152,Sensors
paper-0362,included,excluded,civil_geotechnical_infrastructure,environment_natural_system,high,mine haul road condition monitoring,A Hybrid Physics-Based and AI-Enabled Framework for Mine Road Infrastructure Maintenance Using Inertial Sensors,10.3390/su18094402,Sustainability (Switzerland)
paper-0382,included,excluded,civil_geotechnical_infrastructure,environment_natural_system,high,RC structure corrosion prediction,Multimodal NDT-integrated neural network with cGAN augmentation for predicting reinforcement corrosion in RC structures,10.1016/j.conbuildmat.2026.146058,Construction and Building Materials
paper-0395,included,excluded,civil_geotechnical_infrastructure,environment_natural_system,high,road surface condition monitoring,Development and Validation of a Cloud-Based Road Surface Condition Monitoring Framework using Citizen-Sourced Smartphone Sensor Data in the Philippines,10.5815/ijem.2026.02.13,International Journal of Engineering and Manufacturing
paper-0399,included,excluded,civil_geotechnical_infrastructure,environment_natural_system,high,pavement condition monitoring,"Design and laboratory evaluation of a low-cost, portable sensor-based system for pavement condition monitoring",10.1016/j.rineng.2026.110155,Results in Engineering
paper-0417,included,excluded,civil_geotechnical_infrastructure,environment_natural_system,medium,generic SHM data recovery,Spectrally normalised Wasserstein generative adversarial imputation framework for multi-modal SHM data recovery in digital-twin systems,10.1016/j.aei.2026.104734,Advanced Engineering Informatics
paper-0470,included,excluded,other_nonmaintenance,other_nonmaintenance,medium,generic active digital twin method,Active digital twins via active inference,10.1016/j.engappai.2026.114519,Engineering Applications of Artificial Intelligence
paper-0472,included,excluded,civil_geotechnical_infrastructure,environment_natural_system,high,track geometry degradation,Bayesian multivariate track geometry degradation modeling and its use in condition-based inspection,10.1007/s40534-025-00394-4,Railway Engineering Science
paper-0485,included,excluded,civil_geotechnical_infrastructure,environment_natural_system,medium,railway network fault prediction,Automated prognostics and diagnostics of highspeed railway faults using machine learning approaches,10.1016/j.treng.2026.100438,Transportation Engineering
paper-0490,included,excluded,civil_geotechnical_infrastructure,environment_natural_system,high,mine shaft structural maintenance,"Development of a predictive, risk-based model to assess the effects of maintenance decisions on vertical mine shaft structures",10.1016/j.tust.2026.107481,Tunnelling and Underground Space Technology
paper-0535,included,excluded,civil_geotechnical_infrastructure,environment_natural_system,high,bridge digital twin SHM,A demonstration of a digital twin framework for structural health monitoring: Application to bridge infrastructures,10.1016/j.iintel.2025.100184,Journal of Infrastructure Intelligence and Resilience
paper-0556,included,excluded,civil_geotechnical_infrastructure,environment_natural_system,high,rail surface contaminant detection,Detecting Rail Surface Contaminants Using a Combined Short-Time Fourier Transform and Convolutional Neural Network Approach,10.3390/modelling7010035,Modelling
paper-0564,included,excluded,civil_geotechnical_infrastructure,environment_natural_system,high,railway track fault classification,Railway Track Fault Classification for Predictive Maintenance Using Deep Learning Algorithms Based on a 2D Train-Track-Bridge Interaction Model,10.1049/itr2.70191,IET Intelligent Transport Systems
paper-0609,included,excluded,civil_geotechnical_infrastructure,environment_natural_system,high,turnout track monitoring,Automating Signal Synchronization for Enhanced Track Monitoring in Turnouts,10.3390/app16010223,Applied Sciences (Switzerland)
paper-0650,included,excluded,civil_geotechnical_infrastructure,environment_natural_system,high,pavement condition comparison,A Comparison of Connected-Vehicle Roughness and Traditional Pavement Condition Index,10.3390/futuretransp6010047,Future Transportation
paper-0661,included,excluded,civil_geotechnical_infrastructure,environment_natural_system,high,prestressed concrete bridge monitoring,Long-term monitoring of externally prestressed concrete bridges using semi-closed elasto-magnetic sensors,10.1016/j.iintel.2025.100182,Journal of Infrastructure Intelligence and Resilience
paper-0687,included,excluded,civil_geotechnical_infrastructure,environment_natural_system,high,long-span bridge point clouds,High-Precision Point Cloud Registration for Long-Span Bridges Based on Iterative Closest-Surface Method,10.3390/buildings16030495,Buildings
paper-0707,included,excluded,civil_geotechnical_infrastructure,environment_natural_system,high,highway bridge monitoring,Bridge Health Monitoring and Assessment in Industry 5.0: Lessons Learned from Long-Term Real-Time Field Monitoring of Highway Bridges,10.3390/infrastructures11020055,Infrastructures
paper-0768,included,excluded,civil_geotechnical_infrastructure,environment_natural_system,high,municipal road condition assessment,AI-Based Automated Visual Condition Assessment of Municipal Road Infrastructure Using High-Resolution 3D Street-Level Imagery,10.3390/infrastructures11030090,Infrastructures
paper-0806,included,excluded,civil_geotechnical_infrastructure,environment_natural_system,high,tunnel surface crack detection,Research on Automatic Recognition and Dimensional Quantification of Surface Cracks in Tunnels Based on Deep Learning,10.3390/modelling7010004,Modelling
paper-0816,included,excluded,civil_geotechnical_infrastructure,environment_natural_system,high,high-speed slab track debonding,Dynamic assessment of interlayer debonding in high-speed slab tracks using frequency-domain simulation,10.1016/j.rineng.2025.108515,Results in Engineering
paper-0845,included,excluded,civil_geotechnical_infrastructure,environment_natural_system,high,rail surface wear fatigue,Effect of the rail surface topography on wear and fatigue,10.1016/j.wear.2025.206218,Wear
paper-0850,included,excluded,civil_geotechnical_infrastructure,environment_natural_system,medium,urban sewer network risk,A Probability-Based Risk Assessment Model for the Sustainable Management of Urban Wastewater Collection Systems,10.3390/w18060737,Water (Switzerland)
paper-0872,included,excluded,civil_geotechnical_infrastructure,environment_natural_system,high,railway ballast deterioration,Mechanisms of Fouled Railway Ballast Deterioration Under Freeze–Thaw and Cyclic Loading: Implications for Sustainable Maintenance in Seasonal Frozen Regions,10.3390/su18062808,Sustainability (Switzerland)
paper-0879,included,excluded,civil_geotechnical_infrastructure,environment_natural_system,high,asphalt pavement maintenance,Optimal condition-based maintenance of asphalt-concrete pavement systems,10.1080/14680629.2025.2501713,Road Materials and Pavement Design
paper-0890,included,excluded,civil_geotechnical_infrastructure,environment_natural_system,high,pavement health monitoring,Real-World Application of Non-Destructive Pavement Health Monitoring Sensors,10.3390/s26030899,Sensors
paper-0896,included,excluded,civil_geotechnical_infrastructure,environment_natural_system,medium,metallic infrastructure corrosion,Digital Twin Framework for Predictive Maintenance and Materials Selection Facing Climate Change,10.1149/2.F09261IF,Electrochemical Society Interface
paper-0904,included,excluded,civil_geotechnical_infrastructure,environment_natural_system,high,runway pavement inspection,Digitalization and Automation of Runway Inspection Using Unmanned Aerial Vehicles,10.3390/s26041100,Sensors
paper-0905,included,excluded,civil_geotechnical_infrastructure,environment_natural_system,high,pedestrian bridge monitoring,AAE-CycleWGAN fusion framework for generating fused strain data from sparse to dense domains in bridge monitoring systems,10.1016/j.inffus.2025.103736,Information Fusion
paper-0926,included,excluded,civil_geotechnical_infrastructure,environment_natural_system,high,CRTSIII slab track SHM,Life-cycle oriented strain reconstruction of CRTSIII slab tracks using quasi-distributed fiber Bragg grating sensing and deep learning toward sustainable high-speed rail,10.1016/j.dibe.2026.100879,Developments in the Built Environment
paper-0947,included,excluded,civil_geotechnical_infrastructure,environment_natural_system,high,concrete pavement punchout prediction,Data-Driven Prediction of Punchout Occurrence in CRCP Using an Optimized Gradient Boosting Model,10.3390/modelling7010038,Modelling
paper-0948,included,excluded,civil_geotechnical_infrastructure,environment_natural_system,medium,Water pipe network renewal is civil utility infrastructure,Near-future prediction of pipe failures in water supply networks: a key determinant for water pipe renewal policies through a machine learning approach,10.1007/s13201-025-02738-1,Applied Water Science
paper-1005,included,excluded,civil_geotechnical_infrastructure,environment_natural_system,high,Self healing concrete asphalt and civil infrastructure durability,Integrating Self-Healing Materials and Internet of Things for Enhanced Infrastructure Durability and Sustainability,10.15866/irece.v17i1.27546,International Review of Civil Engineering
paper-1011,included,excluded,civil_geotechnical_infrastructure,environment_natural_system,high,Railway track heaving and vertical displacement defects,Evolution of isolated heaving defects for vertical rail displacements: a multi-disciplinary study,10.1080/23248378.2025.2469302,International Journal of Rail Transportation
paper-1051,included,excluded,civil_geotechnical_infrastructure,environment_natural_system,high,Railway track quality index prediction,PREDICTIVE MODELING OF TRACK QUALITY INDEX WITH NEURAL NETWORKS,10.5937/jaes0-60022,Journal of Applied Engineering Science
paper-1054,included,excluded,civil_geotechnical_infrastructure,environment_natural_system,high,Bridge condition assessment,A Hybrid Fuzzy Logic and Artificial Neural Network Approach for Engineering Structure Condition Assessment Based on Long-Term Inspection Data,10.3390/app16020794,Applied Sciences (Switzerland)
paper-1077,included,excluded,civil_geotechnical_infrastructure,environment_natural_system,high,Tunnel infrastructure facility maintenance system,Data-driven digital twin-based smart tunnel maintenance system,10.1016/j.ige.2025.09.002,Intelligent Geoengineering
paper-1133,included,excluded,civil_geotechnical_infrastructure,environment_natural_system,high,Asphalt pavement deterioration prediction,Deep learning models for asphalt material behavior analysis under smart city IoT infrastructures,10.1007/s43926-025-00253-y,Discover Internet of Things
paper-1138,included,excluded,civil_geotechnical_infrastructure,environment_natural_system,high,Switch rail and turnout wear prediction,Modeling switch rail wear using laser profilometry for predictive maintenance,10.12913/22998624/211838,Advances in Science and Technology Research Journal
paper-1152,included,excluded,civil_geotechnical_infrastructure,environment_natural_system,high,Asphalt road degradation monitoring,Learning road degradation with asphalt-integrated sensor fabric,10.1007/s41062-025-02415-x,Innovative Infrastructure Solutions
paper-1159,included,excluded,civil_geotechnical_infrastructure,environment_natural_system,high,Railway track condition monitoring,Data-driven sparse coding for onboard condition monitoring of railway tracks,10.1016/j.ymssp.2025.113542,Mechanical Systems and Signal Processing
paper-1168,included,excluded,civil_geotechnical_infrastructure,environment_natural_system,high,Railway insulated rail joint track monitoring,Implementation of an AI-based predictive structural health monitoring strategy for bonded insulated rail joints using digital twins under varied bolt conditions,10.1007/s40534-024-00371-3,Railway Engineering Science
paper-1181,included,excluded,civil_geotechnical_infrastructure,environment_natural_system,high,Reinforced concrete bridge specimen damage,"Combined fatigue-corrosion damage in reinforced concrete: Experimental analysis, surface crack monitoring, and mechanical modeling",10.1016/j.conbuildmat.2025.144595,Construction and Building Materials
paper-1199,included,excluded,civil_geotechnical_infrastructure,environment_natural_system,high,Road condition and pothole detection,A Federated Learning Approach for Scalable Road Condition Detection in Connected Vehicles,10.1109/OJITS.2026.3670716,IEEE Open Journal of Intelligent Transportation Systems
paper-1200,included,excluded,civil_geotechnical_infrastructure,environment_natural_system,high,Highway embankment subgrade condition monitoring,Optimizing 3D Laser Scanning Parameters for Early-Stage Defect Detectability in Subgrade Condition Monitoring,10.3390/s25237174,Sensors
paper-1213,included,excluded,civil_geotechnical_infrastructure,environment_natural_system,high,Railway track fastener tightness evaluation,TrinityNet: A Novel Cross-Modality Generative Reasoning Framework for Zero-Label Railway Fastener Tightness Evaluation,10.1049/itr2.70164,IET Intelligent Transport Systems
paper-1239,included,excluded,civil_geotechnical_infrastructure,environment_natural_system,high,Railway rail crack distance estimation,Skip-Feedback Neural Network With Unsupervised Feature Learning for Railway Crack Distance Estimation,10.1109/ACCESS.2026.3651372,IEEE Access
paper-1251,included,excluded,civil_geotechnical_infrastructure,environment_natural_system,high,Asphalt pavement polished surface monitoring,Texture-based image analysis and explainable machine learning for polished asphalt identification in pavement condition monitoring,10.1038/s41598-025-27203-6,Scientific Reports
paper-1294,included,excluded,civil_geotechnical_infrastructure,environment_natural_system,high,Quay wall geotechnical life cycle modeling,Hybrid surrogate models of quay walls,10.1680/jcien.25.00451,Proceedings of the Institution of Civil Engineers: Civil Engineering
paper-1298,included,excluded,civil_geotechnical_infrastructure,environment_natural_system,high,Railway track longitudinal level estimation,A comprehensive data-driven approach to estimate track longitudinal level from inertial measurements,10.1007/s40534-026-00427-6,Railway Engineering Science
paper-1300,included,excluded,civil_geotechnical_infrastructure,environment_natural_system,high,Concrete anchorage fatigue warning,Smart sensing and automated fatigue warning in concrete anchorages using thermocouples and thermal imaging,10.1016/j.dibe.2025.100778,Developments in the Built Environment
paper-1314,included,excluded,civil_geotechnical_infrastructure,environment_natural_system,high,Road roughness and pavement maintenance,An Integrated Machine Learning-Based Framework for Road Roughness Severity Classification and Predictive Maintenance Planning in Urban Transportation System,10.3390/app152412916,Applied Sciences (Switzerland)
paper-1345,included,excluded,civil_geotechnical_infrastructure,environment_natural_system,high,Railway track RUL and TQI modeling,Predictive maintenance of railway tracks using sparse time-series and health state-based RUL modeling,10.1186/s44147-025-00842-2,Journal of Engineering and Applied Science
paper-1353,included,excluded,civil_geotechnical_infrastructure,environment_natural_system,high,Road and pavement damage detection,A Real-Time Multi-Scale Feature Pyramid YOLO Architecture for Accurate and Deployment-Efficient Road Damage Detection,10.14569/IJACSA.2026.0170350,International Journal of Advanced Computer Science and Applications
paper-1364,included,excluded,civil_geotechnical_infrastructure,environment_natural_system,medium,Generic infrastructure digital twin operations,ChatTwin: Bridging the usability gap to digital twin adoption in infrastructure operations and maintenance with a Natural Language Interface,10.1016/j.autcon.2025.106655,Automation in Construction
paper-1397,included,excluded,civil_geotechnical_infrastructure,environment_natural_system,high,Reinforced concrete beam damage evaluation,Experimental evaluation of damage in RC beams using natural frequency and mechanical behavior,10.1016/j.cscm.2025.e05269,Case Studies in Construction Materials
paper-1442,included,excluded,civil_geotechnical_infrastructure,environment_natural_system,high,Highway bridge risk indicator,Configuring Taiwan’s highway bridge performance indicator: a semi-quantitative risk assessment approach,10.1080/15732479.2024.2322540,Structure and Infrastructure Engineering
paper-1462,included,excluded,civil_geotechnical_infrastructure,environment_natural_system,high,Bridge inspection report extraction,Named entity recognition model for bridge inspection report with multi-features fusion and correction method,10.1177/13694332261452281,Advances in Structural Engineering
paper-1506,included,excluded,civil_geotechnical_infrastructure,environment_natural_system,high,Bridge infrastructure demolition asset management,Digital twin-driven strategic demolition plan for circular asset management of bridge infrastructures,10.1038/s41598-025-94117-8,Scientific Reports
paper-1516,included,excluded,civil_geotechnical_infrastructure,environment_natural_system,high,Railway infrastructure stiffness monitoring,Bidirectional Long Short-Term Memory Approach for Infrastructure Health Monitoring Using On-Board Vibration Response,10.1177/03611981251342236,Transportation Research Record
paper-1560,included,excluded,civil_geotechnical_infrastructure,environment_natural_system,high,Cold region pavement elevation monitoring,Space-based long term condition monitoring of cold region pavement with PS-InSAR,10.1186/s43065-024-00110-2,Journal of Infrastructure Preservation and Resilience
paper-1563,included,excluded,civil_geotechnical_infrastructure,environment_natural_system,high,Railway turnout frog condition monitoring,Data-Driven Condition Monitoring of Fixed-Turnout Frogs Using Standard Track Recording Car Measurements,10.3390/app152011122,Applied Sciences (Switzerland)
paper-1564,included,excluded,civil_geotechnical_infrastructure,environment_natural_system,high,Pavement condition assessment,Evaluation Study of Pavement Condition Using Digital Twins and Deep Learning on IMU Signals,10.3390/fi17100436,Future Internet
paper-1570,included,excluded,civil_geotechnical_infrastructure,environment_natural_system,high,Railway track maintenance from imagery,AI Ladder-Based Intelligent Enterprise Resource Planning for Predictive Railway Track Maintenance from UAV Imagery,10.18280/mmep.121023,Mathematical Modelling of Engineering Problems
paper-1571,included,excluded,civil_geotechnical_infrastructure,environment_natural_system,medium,Water pipeline defect assessment for urban infrastructure,Deep Learning-Based Back-Projection Parameter Estimation for Quantitative Defect Assessment in Single-Framed Endoscopic Imaging of Water Pipelines,10.3390/math13203291,Mathematics
paper-1588,included,excluded,civil_geotechnical_infrastructure,environment_natural_system,high,Rail track life prediction,Machine learning based life prediction of rail tracks using environmental and operational factors,10.1016/j.dibe.2025.100718,Developments in the Built Environment
paper-1603,included,excluded,civil_geotechnical_infrastructure,environment_natural_system,high,Ballastless track slab interlayer mechanics,Interlayer Mechanical Behavior in CRTS II Slab Ballastless Tracks Under Vertical Loading,10.3390/app152413058,Applied Sciences (Switzerland)
paper-1607,included,excluded,civil_geotechnical_infrastructure,environment_natural_system,high,Traffic sign roadway asset condition assessment,Geometric Condition Assessment of Traffic Signs Leveraging Sequential Video-Log Images and Point-Cloud Data,10.3390/rs17244061,Remote Sensing
paper-1645,included,excluded,civil_geotechnical_infrastructure,environment_natural_system,medium,Railway infrastructure CBM risk analysis,Event tree analysis for risk-based assessment of digitalised condition-based maintenance in railway,10.1007/s13198-025-02858-6,International Journal of System Assurance Engineering and Management
paper-1646,included,excluded,civil_geotechnical_infrastructure,environment_natural_system,high,Pavement distress deterioration prediction,Distress-Level Prediction of Pavement Deterioration with Causal Analysis and Uncertainty Quantification,10.3390/app152011250,Applied Sciences (Switzerland)
paper-1661,included,excluded,civil_geotechnical_infrastructure,environment_natural_system,high,Building condition assessment and prediction,Iterative building condition assessment and prediction using unified 3D point clouds and a BIM model: A case study,10.1016/j.iintel.2025.100180,Journal of Infrastructure Intelligence and Resilience
paper-1674,included,excluded,civil_geotechnical_infrastructure,environment_natural_system,high,Bridge deterioration prediction,An unsupervised learning approach to predict the deterioration of aging bridges using inspection data,10.1002/suco.70046,Structural Concrete
paper-1680,included,excluded,civil_geotechnical_infrastructure,environment_natural_system,high,Urban tram track anomaly detection,Vehicle-as-a-Sensor Approach for Urban Track Anomaly Detection,10.3390/s25216679,Sensors
paper-1689,included,excluded,civil_geotechnical_infrastructure,environment_natural_system,high,Road crack detection dataset generation,High quality training set development for road crack detection using progressive data-driven models with integrated identification,10.1016/j.cscm.2025.e05416,Case Studies in Construction Materials
paper-1695,included,excluded,civil_geotechnical_infrastructure,environment_natural_system,high,Bridge defect recognition,Recognition method of bridge apparent defects based on image processing and improved convolutional neural networks,10.1371/journal.pone.0335446,PLOS ONE
paper-1717,included,excluded,civil_geotechnical_infrastructure,environment_natural_system,high,Steel bridge corrosion severity assessment,Colour-Coded BIM Models for Corrosion Severity Assessment in Steel Bridges,10.3390/civileng6040067,CivilEng
paper-1729,included,excluded,civil_geotechnical_infrastructure,environment_natural_system,high,Railway track fault diagnosis,GAN-based data augmentation of time series for fault diagnosis in railway track,10.1007/s40534-025-00396-2,Railway Engineering Science
paper-1754,included,excluded,civil_geotechnical_infrastructure,environment_natural_system,high,Railway track tamping and behavior prediction,Balancing Efficiency and Cost: A Technical and Economic Analysis of Condensed Maintenance,10.3390/app152111688,Applied Sciences (Switzerland)
paper-1773,included,excluded,civil_geotechnical_infrastructure,environment_natural_system,high,Road surface state and pavement damage detection,Road Surface State Change Detection Based on Binocular Vision for Autonomous Driving System,10.1145/3757920,ACM Transactions on Autonomous and Adaptive Systems
paper-1795,included,excluded,civil_geotechnical_infrastructure,environment_natural_system,high,Bridge intervention decision support,Ranking bridge intervention scenarios with a risk-based predictive decision support system,10.1016/j.autcon.2025.106553,Automation in Construction
paper-1807,included,excluded,civil_geotechnical_infrastructure,environment_natural_system,medium,Offshore wind foundation scour monitoring,Scour identification around offshore wind turbine monopile foundations using an unsupervised anomaly detection approach,10.1016/j.oceaneng.2025.122365,Ocean Engineering
paper-1815,included,excluded,civil_geotechnical_infrastructure,environment_natural_system,high,Bridge condition rating prediction,Leveraging Artificial Intelligence for Predictive Maintenance and Condition Rating of Off-System Bridges,10.3390/app152111301,Applied Sciences (Switzerland)
paper-1867,included,excluded,civil_geotechnical_infrastructure,environment_natural_system,high,Railway turnout wheel rail force state evaluation,State Evaluation of Wheel–Rail Force in High-Speed Railway Turnouts Based on Multivariate Analysis and Unsupervised Clustering,10.3390/app152211934,Applied Sciences (Switzerland)
paper-1883,included,excluded,civil_geotechnical_infrastructure,environment_natural_system,high,Railway vertical track alignment identification,Identification of Railway Vertical Track Alignment via the Unknown Input Observer †,10.3390/app152111332,Applied Sciences (Switzerland)
paper-1948,included,excluded,civil_geotechnical_infrastructure,environment_natural_system,high,concrete plaster and wall crack classification,Efficient crack and surface-type recognition via CNN-block development mechanism and edge profiling,10.1038/s41598-025-25956-8,Scientific Reports
paper-1953,included,excluded,civil_geotechnical_infrastructure,environment_natural_system,high,rail squat and track condition monitoring,A Numerical Simulation Study on Vertical Vibration Response for Rail Squat Detection with a Train in Regular Traffic,10.3390/infrastructures10110313,Infrastructures
paper-1967,included,excluded,civil_geotechnical_infrastructure,environment_natural_system,high,railway track vertical alignment monitoring,Estimation of Railway Track Vertical Alignment Using Instrumented Wheelsets and Contact Force Recordings †,10.3390/machines13100963,Machines
paper-1969,included,excluded,civil_geotechnical_infrastructure,environment_natural_system,high,construction formwork support structural monitoring,Intelligent Condition Monitoring of High-Formwork Support Systems: A Hybrid FEM-Deep Learning Approach with Large Language Model Integration,10.1177/00368504251393791,Science Progress
paper-1971,included,excluded,civil_geotechnical_infrastructure,environment_natural_system,high,road defect detection,Investigation of the Transferability of Measured Data for Application of YOLOv8s in the Identification of Road Defects: An SA-Indian Case Study,10.3390/su172310641,Sustainability (Switzerland)
paper-2002,included,excluded,civil_geotechnical_infrastructure,environment_natural_system,medium,smart water infrastructure operations focus,Contributions toward net-zero carbon in the water sector: application to a case study,10.2166/aqua.2025.031,"Aqua Water Infrastructure, Ecosystems and Society"
paper-2020,included,excluded,civil_geotechnical_infrastructure,environment_natural_system,high,winter road surface condition monitoring,Advancing winter road maintenance: An AI-driven web platform for real-time road condition monitoring and spatial analysis,10.1016/j.trip.2025.101575,Transportation Research Interdisciplinary Perspectives
paper-2026,included,excluded,civil_geotechnical_infrastructure,environment_natural_system,high,concrete structure deterioration assessment,"An automated platform to detect, assess, and quantify deterioration in concrete structures",10.1016/j.dibe.2025.100728,Developments in the Built Environment
paper-2058,included,excluded,civil_geotechnical_infrastructure,environment_natural_system,high,historical building structural assessment,Sensitivity driven model updating: a multi-step procedure for structural assessment,10.1016/j.jobe.2025.112941,Journal of Building Engineering
paper-2069,included,excluded,civil_geotechnical_infrastructure,environment_natural_system,high,bridge seismic retrofitting and deterioration,Holistic Benefit–Cost Analysis of Bridge Seismic Retrofitting Coupled with Artificial Intelligence-Based Decision Policy,10.1177/03611981251328984,Transportation Research Record
paper-2076,included,excluded,civil_geotechnical_infrastructure,environment_natural_system,high,pavement roughness monitoring,Evaluation of Connected Vehicle Pavement Roughness Data for Statewide Needs Assessment,10.3390/infrastructures10090248,Infrastructures
paper-2085,included,excluded,civil_geotechnical_infrastructure,environment_natural_system,high,highway pavement performance prediction,Machine Learning-Based Highway Pavement Performance Prediction in Xinjiang,10.3390/infrastructures10070189,Infrastructures
paper-2127,included,excluded,civil_geotechnical_infrastructure,environment_natural_system,high,pavement crack deterioration prediction,Predicting pavement cracking performance using laser scanning and geocomplexity-enhanced machine learning,10.1111/mice.13489,Computer-Aided Civil and Infrastructure Engineering
paper-2132,included,excluded,civil_geotechnical_infrastructure,environment_natural_system,high,rail corrugation track defect detection,A Mathematical Methodology for the Detection of Rail Corrugation Based on Acoustic Analysis: Toward Autonomous Operation,10.3390/math13172815,Mathematics
paper-2138,included,excluded,civil_geotechnical_infrastructure,environment_natural_system,high,reinforced concrete deterioration modeling,Rational-RC: A Python package for probabilistic life-cycle deterioration modelling of reinforced concrete structures,10.1016/j.softx.2025.102238,SoftwareX
paper-2169,included,excluded,civil_geotechnical_infrastructure,environment_natural_system,medium,rail infrastructure and well deformation monitoring,Physics-Guided Modeling and Parameter Inversion for Complex Engineering Scenarios: With Applications in Horizontal Wells and Rail Infrastructure Monitoring,10.3390/sym17081334,Symmetry
paper-2191,included,excluded,civil_geotechnical_infrastructure,environment_natural_system,high,railway track irregularity detection,Enhancing Railway Safety in Indonesia: A Data-Driven Approach to Track Irregularity Detection using In-Service Train Accelerometers,10.18280/isi.300901,Ingenierie des Systemes d'Information
paper-2220,included,excluded,civil_geotechnical_infrastructure,environment_natural_system,high,bridge condition monitoring,Regional-scale bridge condition monitoring using InSAR displacements and environmental data,10.1177/14759217241302369,Structural Health Monitoring
paper-2243,included,excluded,civil_geotechnical_infrastructure,environment_natural_system,high,paved road network condition management,MANAGING AND PREDICTING THE CONDITION OF PAVED ROAD NETWORK IN FINLAND: ESSENTIAL TECHNICAL INFORMATION,10.7250/bjrbe.2025-20.658,Baltic Journal of Road and Bridge Engineering
paper-2253,included,excluded,civil_geotechnical_infrastructure,environment_natural_system,high,steel bridge corrosion fatigue degradation,Corrosion-fatigue synergy in steel bridges: Mechanisms and mechanical degradation,10.1016/j.rineng.2025.106235,Results in Engineering
paper-2279,included,excluded,civil_geotechnical_infrastructure,environment_natural_system,high,cementitious mortar corrosion prediction,Hybrid Gaussian Process Regression Models for Accurate Prediction of Carbonation-Induced Steel Corrosion in Cementitious Mortars,10.3390/buildings15142464,Buildings
paper-2289,included,excluded,civil_geotechnical_infrastructure,environment_natural_system,high,dike structural health monitoring,Digital-Twin-Based Structural Health Monitoring of Dikes,10.3390/civileng6030039,CivilEng
paper-2314,included,excluded,civil_geotechnical_infrastructure,environment_natural_system,high,bridge structural health monitoring,MEMS-ENABLED VIBRATION MONITORING AND DIAGNOSTIC EVALUATION FOR LONG-TERM HEALTH ASSESSMENT OF SWARNAMUKHI AND BHAKTA KANNAPPA SETHU BRIDGES IN SRIKALAHASTI,10.70102/afts.2025.1833.135,Archives for Technical Sciences
paper-2315,included,excluded,civil_geotechnical_infrastructure,environment_natural_system,high,road pothole detection,Road pothole detection algorithm based on improved YOLOv10n,10.1088/2631-8695/ae02e3,Engineering Research Express
paper-2343,included,excluded,civil_geotechnical_infrastructure,environment_natural_system,high,bridge digital twin structural monitoring,Digital twin-based structural health monitoring and measurements of dynamic characteristics in balanced cantilever bridge,10.1016/j.rcns.2025.08.001,Resilient Cities and Structures
paper-2396,included,excluded,civil_geotechnical_infrastructure,environment_natural_system,high,bridge bearing sensor energy harvesting,Design Strategies for Stack-Based Piezoelectric Energy Harvesters near Bridge Bearings,10.3390/s25154692,Sensors
paper-2554,included,excluded,civil_geotechnical_infrastructure,environment_natural_system,high,bridge slab deterioration prediction,Digital Twin Framework for Bridge Slab Deterioration: From 2D Inspection Data to Predictive 3D Maintenance Modeling,10.3390/buildings15121979,Buildings
paper-2555,included,excluded,civil_geotechnical_infrastructure,environment_natural_system,high,railway track defect assessment,A multilevel track defects assessment framework based on vehicle body vibration,10.1111/mice.13466,Computer-Aided Civil and Infrastructure Engineering
paper-2597,included,excluded,civil_geotechnical_infrastructure,environment_natural_system,high,road quality measurement,Vehicle maneuver recognition and correction algorithm for road quality measurement system optimization,10.1016/j.measen.2025.101816,Measurement: Sensors
paper-2655,included,excluded,civil_geotechnical_infrastructure,environment_natural_system,high,noise barrier tunnel infrastructure monitoring,Design and Validation of a Real-Time Maintenance Monitoring System Using BIM and Digital Twin Integration,10.3390/buildings15081312,Buildings
paper-2698,included,excluded,civil_geotechnical_infrastructure,environment_natural_system,medium,generic structural damage inverse analysis,Towards efficient structural inverse analysis based on AI-driven differentiable optimization method,10.1016/j.ymssp.2025.112618,Mechanical Systems and Signal Processing
paper-2732,included,excluded,civil_geotechnical_infrastructure,environment_natural_system,high,paved road network condition management,MANAGING AND PREDICTING THE CONDITION OF PAVED ROAD NETWORK IN FINLAND: ESSENTIAL TECHNICAL INFORMATION,10.7250/bjrbe.2025-20.658,Baltic Journal of Road and Bridge Engineering
paper-2756,included,excluded,civil_geotechnical_infrastructure,environment_natural_system,high,steel railway bridge digital twin monitoring,Genetic Algorithm-Based Model Updating in a Real-Time Digital Twin for Steel Bridge Monitoring,10.3390/app15084074,Applied Sciences (Switzerland)
paper-2780,included,excluded,civil_geotechnical_infrastructure,environment_natural_system,high,road crack detection,"LiDAR-Based Road Cracking Detection: Machine Learning Comparison, Intensity Normalization, and Open-Source WebGIS for Infrastructure Maintenance",10.3390/rs17091543,Remote Sensing
paper-2792,included,excluded,civil_geotechnical_infrastructure,environment_natural_system,high,reinforced concrete beam structural monitoring,Numerical Model Development of Reinforced Concrete Beam for Structural Health Monitoring,10.37934/aram.128.1.2439,Journal of Advanced Research in Applied Mechanics
paper-2834,included,excluded,civil_geotechnical_infrastructure,environment_natural_system,high,rail surface crack monitoring,Real-Time Detection and Quantification of Rail Surface Cracks Using Surface Acoustic Waves and Piezoelectric Patch Transducers,10.3390/s25103014,Sensors
paper-2853,included,excluded,civil_geotechnical_infrastructure,environment_natural_system,high,road maintenance decision making,Capturing uncertainty intuition in road maintenance decision-making using an evidential neural network,10.1111/mice.13374,Computer-Aided Civil and Infrastructure Engineering
paper-2891,included,excluded,civil_geotechnical_infrastructure,environment_natural_system,high,asphalt pavement fatigue crack prediction,Neural Network Approach for Fatigue Crack Prediction in Asphalt Pavements Using Falling Weight Deflectometer Data,10.3390/app15073799,Applied Sciences (Switzerland)
paper-2899,included,excluded,civil_geotechnical_infrastructure,environment_natural_system,high,steel structure coating corrosion deterioration,Predicting deterioration in paint-coated steel due to defects using a generative adversarial network approach,10.1007/s11709-025-1180-9,Frontiers of Structural and Civil Engineering
paper-2955,included,excluded,civil_geotechnical_infrastructure,environment_natural_system,high,highway pavement condition prediction,Modeling heterogeneous spatiotemporal pavement data for condition prediction and preventive maintenance in digital twin-enabled highway management,10.1016/j.autcon.2025.106134,Automation in Construction
paper-2968,included,excluded,civil_geotechnical_infrastructure,environment_natural_system,high,bridge crack identification,Crack Identification for Bridge Condition Monitoring Combining Graph Attention Networks and Convolutional Neural Networks,10.3390/app15105452,Applied Sciences (Switzerland)
paper-3016,included,excluded,civil_geotechnical_infrastructure,environment_natural_system,high,road damage detection,YOLO-RD: A Road Damage Detection Method for Effective Pavement Maintenance,10.3390/s25051442,Sensors
paper-3054,included,excluded,civil_geotechnical_infrastructure,environment_natural_system,high,bridge structural integrity assessment,Application of Machine Learning for Real-Time Structural Integrity Assessment of Bridges †,10.3390/civileng6010002,CivilEng
paper-3070,included,excluded,civil_geotechnical_infrastructure,environment_natural_system,high,concrete civil infrastructure assessment,Artificial Intelligence and Non-Destructive Testing Data to Assess Concrete Sustainability of Civil Engineering Infrastructures,10.3390/ma18040826,Materials
paper-3105,included,excluded,civil_geotechnical_infrastructure,environment_natural_system,high,railway track defects and RUL,A predictive model based on the LSTM technique for the maintenance of railway track system,10.1504/IJCSE.2025.143461,International Journal of Computational Science and Engineering
paper-3115,included,excluded,civil_geotechnical_infrastructure,environment_natural_system,medium,port infrastructure asset management,Optimization of Port Asset Management Using Digital Twin and BIM/GIS in the Context of Industry 4.0: A Case Study of Spanish Ports,10.3390/pr13030705,Processes
paper-3123,included,excluded,civil_geotechnical_infrastructure,environment_natural_system,high,railroad infrastructure inspection,UAV framework for railroad inspection and predictive maintenance,10.1007/s43995-025-00234-w,Journal of Umm Al-Qura University for Engineering and Architecture
paper-3124,included,excluded,civil_geotechnical_infrastructure,environment_natural_system,medium,generic SHM regression not equipment,Active learning for regression in engineering populations: A risk-informed approach,10.1017/dce.2025.7,Data-Centric Engineering
paper-3131,included,excluded,civil_geotechnical_infrastructure,environment_natural_system,medium,building maintenance data not equipment specific,Enhancing associative classification on imbalanced data through ontology-based feature extraction and resampling,10.1016/j.knosys.2024.112897,Knowledge-Based Systems
paper-3169,included,excluded,civil_geotechnical_infrastructure,environment_natural_system,high,railway track load monitoring,Quasi-static methods for determining the calculated wheel load on the railway track,10.14513/actatechjaur.00769,Acta Technica Jaurinensis
paper-3185,included,excluded,civil_geotechnical_infrastructure,environment_natural_system,high,stormwater pipe network condition,Leveraging deep learning techniques for condition assessment of stormwater pipe network,10.1007/s13349-024-00841-6,Journal of Civil Structural Health Monitoring
paper-3205,included,excluded,civil_geotechnical_infrastructure,environment_natural_system,high,bridge scour and foundation,Digital twin for predictive maintenance on the Espartxo Bridge. Application to early detection of under-foundation scour,10.1016/j.istruc.2024.107916,Structures
paper-3281,included,excluded,civil_geotechnical_infrastructure,environment_natural_system,high,concrete crane beam cracking,Assessment of Cracking Development in Concrete Precast Crane Beams Using Optical and Deep Learning Methods,10.3390/ma18040731,Materials
paper-3288,included,excluded,civil_geotechnical_infrastructure,environment_natural_system,high,railway track failures,A graph convolutional network for optimal intelligent predictive maintenance of railway tracks,10.1016/j.dajour.2024.100542,Decision Analytics Journal
paper-3315,included,excluded,civil_geotechnical_infrastructure,environment_natural_system,high,bridge and civil asset framework,Framework for Asset Digitalization: IoT Platforms and Asset Health Index in Maintenance Applications,10.3390/app15031524,Applied Sciences (Switzerland)
paper-3342,included,excluded,civil_geotechnical_infrastructure,environment_natural_system,high,pavement management,Gradient boosting decision trees to study laboratory and field performance in pavement management,10.1111/mice.13322,Computer-Aided Civil and Infrastructure Engineering
paper-3343,included,excluded,civil_geotechnical_infrastructure,environment_natural_system,high,lifting dam gate infrastructure,Clustering and Vectorizing Acoustic Emission Events of Large Infrastructures’ Normal Operation,10.3390/infrastructures10020038,Infrastructures
paper-3348,included,excluded,civil_geotechnical_infrastructure,environment_natural_system,high,railway track maintenance strategy,Exploring the paradigm of railway predictive maintenance,10.1080/15732479.2025.2596714,Structure and Infrastructure Engineering
paper-3400,included,excluded,civil_geotechnical_infrastructure,environment_natural_system,high,rail pads and track infrastructure,Design of Sensorized Rail Pads for Real-Time Monitoring and Predictive Maintenance of Railway Infrastructure,10.3390/infrastructures10020045,Infrastructures
paper-3438,included,excluded,civil_geotechnical_infrastructure,environment_natural_system,high,road surface damage,Improving Road Safety with AI: Automated Detection of Signs and Surface Damage,10.3390/computers14030091,Computers
paper-3439,included,excluded,civil_geotechnical_infrastructure,environment_natural_system,high,bridge condition monitoring,Cost Efficiency and Effectiveness of Drone Applications in Bridge Condition Monitoring,10.3390/infrastructures10030063,Infrastructures
paper-3471,included,excluded,civil_geotechnical_infrastructure,environment_natural_system,high,cement pole rebar assessment,An NDT Method for Measuring the Diameter and Embedment Depth of the Main Rebar in Cement Poles Based on Rotating Permanent Magnet Excitation,10.3390/s25051477,Sensors
paper-3527,included,excluded,civil_geotechnical_infrastructure,environment_natural_system,high,pavement condition assessment,A Novel CNN-SVM Hybrid Framework for Automated Pavement Condition Assessment,10.12785/ijcds/1571160947,International Journal of Computing and Digital Systems
paper-3565,included,excluded,civil_geotechnical_infrastructure,environment_natural_system,high,railway track buckling,Railway track buckling evaluation using rigid-flexible multibody dynamic model and machine learning,10.1080/15397734.2025.2456655,Mechanics Based Design of Structures and Machines
paper-3570,included,excluded,civil_geotechnical_infrastructure,environment_natural_system,high,rail surface damage,Rail surface damage management through monitoring and modelling,10.1080/23248378.2024.2337364,International Journal of Rail Transportation
paper-3574,included,excluded,civil_geotechnical_infrastructure,environment_natural_system,high,civil structural health monitoring,A Dynamic Dimension Reduction Method for Structural Health Monitoring Data Based on Sparse Bayesian Inference,10.1155/stc/5560897,Structural Control and Health Monitoring
paper-3583,included,excluded,civil_geotechnical_infrastructure,environment_natural_system,medium,railway infrastructure RCM data,A Secure and Scalable Blockchain Framework for Data Sharing and Cost Distribution in Railway Condition Monitoring,10.1109/ACCESS.2025.3603413,IEEE Access
paper-3601,included,excluded,civil_geotechnical_infrastructure,environment_natural_system,high,rail surface roughness,Evaluating the impact of rail surface roughness post-grinding: An experimental and elastoplastic modelling approach,10.1016/j.triboint.2024.110270,Tribology International
paper-3620,included,excluded,other_nonmaintenance,other_nonmaintenance,medium,generic rule mining review,A Retrospective Analysis of Soft Computing Techniques for Rule Mining †,10.3390/engproc2025107058,Engineering Proceedings
paper-3640,included,excluded,civil_geotechnical_infrastructure,environment_natural_system,high,railway track anomalies,Anomaly Detection in Railway Tracks Using Hybrid Clustering and Spectral Analysis for Predictive Maintenance,10.1109/ACCESS.2025.3611009,IEEE Access
paper-3656,included,excluded,civil_geotechnical_infrastructure,environment_natural_system,high,pavement distress analysis,A Data-Driven Framework for Explainable Artificial Intelligence in Pavement Distress Analysis and Decision Support: Integrating Clustering Models and Principal Component Analysis,10.1155/stc/8852297,Structural Control and Health Monitoring
paper-3660,included,excluded,civil_geotechnical_infrastructure,environment_natural_system,high,steel bridge cracks,A hybrid approach for damage identification of steel bridges with discrete cracks,10.1080/15732479.2025.2520341,Structure and Infrastructure Engineering
paper-3665,included,excluded,civil_geotechnical_infrastructure,environment_natural_system,high,asphalt pavement monitoring,Advancing asphalt pavement monitoring and prognostics with physics-informed digital twins: a feasibility study,10.1080/10298436.2025.2566277,International Journal of Pavement Engineering
paper-3692,included,excluded,civil_geotechnical_infrastructure,environment_natural_system,high,pavement patch detection,A dual-image fusion instance segmentation model for pavement patch detection,10.1080/10298436.2025.2472857,International Journal of Pavement Engineering
paper-3704,included,excluded,civil_geotechnical_infrastructure,environment_natural_system,high,road condition assessment,Condition Assessment of Low-Volume Roads in Norway: A Deep Learning Approach for Automatic Assessment at Network Level,10.1007/s42947-025-00603-7,International Journal of Pavement Research and Technology
paper-3730,included,excluded,civil_geotechnical_infrastructure,environment_natural_system,high,historic bridge corrosion,Probabilistic failure assessment of steel eyebars by considering multi-phase nonlinear corrosion model,10.1016/j.jcsr.2024.109127,Journal of Constructional Steel Research
paper-3732,included,excluded,civil_geotechnical_infrastructure,environment_natural_system,high,urban rail infrastructure inspection,Automated Inspection System with GPS and Deep Learning in Urban Rail Safety and Efficiency,10.12700/APH.22.4.2025.4.2,Acta Polytechnica Hungarica
paper-3751,included,excluded,civil_geotechnical_infrastructure,environment_natural_system,high,heritage steel bridge rehab,A BIM-Enabled Workflow for the Rehabilitation of Heritage Steel Bridges,10.3390/app15020677,Applied Sciences (Switzerland)
paper-3753,included,excluded,civil_geotechnical_infrastructure,environment_natural_system,high,railway track quality index,Prediction Model for Track Quality Index Categories on the Northern and Southern Railway Lines of Java,10.3311/PPtr.38115,Periodica Polytechnica Transportation Engineering
paper-3768,included,excluded,civil_geotechnical_infrastructure,environment_natural_system,high,road pavement vibration monitoring,Genetic algorithm optimization and sensitivity analysis of bicycle characteristics for vibration monitoring,10.1016/j.ijtst.2025.05.006,International Journal of Transportation Science and Technology
paper-3777,included,excluded,civil_geotechnical_infrastructure,environment_natural_system,high,road crack detection,Road Crack Detection and Orientation Estimation Using Airborne Synthetic Aperture Radar,10.1109/JSTARS.2025.3613166,IEEE Journal of Selected Topics in Applied Earth Observations and Remote Sensing
paper-3800,included,excluded,civil_geotechnical_infrastructure,environment_natural_system,high,road pothole detection,Machine Learning Model for Road Anomaly Detection Using Smartphone Accelerometer Data,10.1109/ACCESS.2025.3586812,IEEE Access
paper-3817,included,excluded,civil_geotechnical_infrastructure,environment_natural_system,medium,railway system environmental risk,Integration of deep learning and railway big data for environmental risk prediction models and analysis of their limitations,10.3389/fenvs.2025.1550745,Frontiers in Environmental Science
paper-3818,included,excluded,civil_geotechnical_infrastructure,environment_natural_system,high,rail track degradation,"Estimation of Vertical Forces and Track Degradation Considering, Wheel-Rail Interaction, Railway Traffic Severity and Seasonal Conditions",10.12700/APH.22.4.2025.4.17,Acta Polytechnica Hungarica
paper-3824,included,excluded,civil_geotechnical_infrastructure,environment_natural_system,high,building moisture damage,Predictive modeling and estimation of moisture damages in Swedish buildings: A machine learning approach,10.1016/j.scs.2024.105997,Sustainable Cities and Society
paper-3842,included,excluded,civil_geotechnical_infrastructure,environment_natural_system,high,cable stayed bridge cables,An Advanced Computer Vision Method for Noncontact Vibration Measurement of Cables in Cable-Stayed Bridges,10.1155/stc/1254049,Structural Control and Health Monitoring
paper-3853,included,excluded,civil_geotechnical_infrastructure,environment_natural_system,high,urban drainage infrastructure,A Four-Layer Digital Framework for BIM and FM Integration in a Sustainable Urban Drainage System †,10.3390/engproc2025116039,Engineering Proceedings
paper-3858,included,excluded,civil_geotechnical_infrastructure,environment_natural_system,high,pavement maintenance strategy,Evaluation of Optimized Pavement Maintenance for User Costs and Vehicle Emissions on the Indian Urban Roads,10.1155/adce/8835012,Advances in Civil Engineering
paper-3872,included,excluded,civil_geotechnical_infrastructure,environment_natural_system,high,urban pipe gallery infrastructure,Integration of IoT and Digital Twin for Intelligent Management of Urban Underground Pipe Galleries in Smart Cities,10.31449/inf.v49i15.7903,Informatica (Slovenia)
paper-3885,included,excluded,civil_geotechnical_infrastructure,environment_natural_system,high,rail surface defects,Automated polarisation-optical method for diagnostics of railway rails surface defects,10.24425/opelre.2025.155876,Archives of Environmental Protection
paper-3890,included,excluded,civil_geotechnical_infrastructure,environment_natural_system,high,rail corrugation detection,A feature extraction framework for metro rail corrugation detection using onboard vibration and noise monitoring data,10.1093/iti/liaf010,Intelligent Transportation Infrastructure
paper-3899,included,excluded,civil_geotechnical_infrastructure,environment_natural_system,high,bridge girder displacement,Estimation of Bridge Girder Cumulative Displacement for Component Operational Warning Using Bayesian Neural Networks,10.1155/stc/9974584,Structural Control and Health Monitoring
paper-3909,included,excluded,civil_geotechnical_infrastructure,environment_natural_system,high,railway track diagnostics,Railway track condition monitoring based on sensor data and artificial neural networks,10.55730/1300-0632.4154,Turkish Journal of Electrical Engineering and Computer Sciences
paper-3924,included,excluded,civil_geotechnical_infrastructure,environment_natural_system,high,road cracks and potholes,Benchmarking YOLOv8 Variants with Transfer Learning for Real-Time Detection and Classification of Road Cracks and Potholes,10.29207/resti.v9i4.6710,Jurnal RESTI
paper-3929,included,excluded,civil_geotechnical_infrastructure,environment_natural_system,high,water pipe integrity,Building a Monitoring Mechanism for Water Pipe Spatial Status in a Cyber-physical System,10.18494/SAM6012,Sensors and Materials
paper-3954,included,excluded,civil_geotechnical_infrastructure,environment_natural_system,high,railway infrastructure UAV inspection,HTFN: A Hybrid Deep Reinforcement Learning Framework for UAV-Based Railway Inspection With Deepseek Integration,10.1109/ACCESS.2025.3634110,IEEE Access
paper-3970,included,excluded,civil_geotechnical_infrastructure,environment_natural_system,medium,district heating network infrastructure,Developing an Algorithmic Framework for Sustainable Asset Management of District Heating Networks: A Scenario-Based Approach,10.2478/rtuect-2025-0056,Environmental and Climate Technologies
