removed_at,corpus_id,pdf_path,civil_reason_category,screening_reason_category,screening_confidence,screening_notes,title,doi
2026-06-11T14:34:49,paper-0011,extraction_papers\paper-0011_accurate_assessment_technology_of_bim_bridge_structure_status_using_spatiotemporal_transform.pdf,civil_geotechnical_infrastructure,environment_natural_system,high,bridge structure condition assessment,Accurate assessment technology of BIM bridge structure status using spatiotemporal transformation graph neural network,10.1007/s43926-026-00321-x
2026-06-11T14:34:49,paper-0045,extraction_papers\paper-0045_idrrs_iot_inertial_device_for_real_time_road_surface_classification_and_position_estimation.pdf,civil_geotechnical_infrastructure,environment_natural_system,high,road surface classification,IDRRS: IOT INERTIAL DEVICE FOR REAL-TIME ROAD SURFACE CLASSIFICATION AND POSITION ESTIMATION ENHANCEMENT; [IDRRS: ИНЕРЦИАЛЬНОЕ ИОТ-УСТРОЙСТВО ДЛЯ КЛАССИФИКАЦИИ ДОРОЖНОГО ПОКРЫТИЯ В РЕЖИМЕ РЕАЛЬНОГО ВРЕМЕНИ И ПОВЫШЕНИЯ ТОЧНОСТИ ОЦЕНКИ МЕСТОПОЛОЖЕНИЯ],10.15622/ia.25.2.7
2026-06-11T14:34:49,paper-0132,extraction_papers\paper-0132_field_validated_digital_twin_enabled_structural_health_monitoring_for_offshore_high_pile_wha.pdf,civil_geotechnical_infrastructure,environment_natural_system,high,wharf pile structural monitoring,Field-Validated Digital Twin–Enabled Structural Health Monitoring for Offshore High-Pile Wharves,10.70917/fce-2026-010
2026-06-11T14:34:49,paper-0202,extraction_papers\paper-0202_automated_damage_identification_for_condition_monitoring_using_short_and_time_varying_struct.pdf,civil_geotechnical_infrastructure,environment_natural_system,high,civil structural condition assessment,Automated damage identification for condition monitoring using short and time-varying structural responses,10.1007/s13349-025-01064-z
2026-06-11T14:34:49,paper-0225,extraction_papers\paper-0225_advanced_hybrid_transformer_cnn_vision_framework_for_automated_crack_detection_to_enhance_st.pdf,civil_geotechnical_infrastructure,environment_natural_system,high,civil structure crack detection,Advanced Hybrid Transformer–CNN Vision Framework for Automated Crack Detection to Enhance Structural Condition Assessment of Civil Structures,10.3390/app16094549
2026-06-11T14:34:49,paper-0240,extraction_papers\paper-0240_physics_guided_gnn_transformer_model_for_multi_scale_fatigue_life_prediction_of_concrete_tra.pdf,civil_geotechnical_infrastructure,environment_natural_system,high,concrete rail track slab fatigue,Physics-guided GNN-transformer model for multi-scale fatigue life prediction of concrete track slabs in high-speed railways,10.1038/s41598-026-37173-y
2026-06-11T14:34:49,paper-0242,extraction_papers\paper-0242_research_on_multi_stage_on_board_detection_algorithm_of_track_defects_of_high_speed_railway.pdf,civil_geotechnical_infrastructure,environment_natural_system,high,high-speed rail track defects,Research on multi-stage on-board detection algorithm of track defects of high-speed railway based on the influence mechanism of track defects,10.1038/s41598-025-34483-5
2026-06-11T14:34:49,paper-0294,extraction_papers\paper-0294_urban_road_surface_crack_detection_based_on_u_net_and_resnext_network.pdf,civil_geotechnical_infrastructure,environment_natural_system,high,urban road crack detection,Urban road surface crack detection based on U-net and ResNeXt network,10.1371/journal.pone.0347145
2026-06-11T14:34:49,paper-0295,extraction_papers\paper-0295_research_on_the_application_of_time_frequency_characteristics_of_gpr_in_railway_mud_pumping.pdf,civil_geotechnical_infrastructure,environment_natural_system,high,railway ballast defect detection,Research on the Application of Time-Frequency Characteristics of GPR in Railway Mud Pumping Intelligent Detection,10.3390/rs18091393
2026-06-11T14:34:49,paper-0310,extraction_papers\paper-0310_comparative_evaluation_of_cnn_architectures_for_road_damage_classification_using_digital_ima.pdf,civil_geotechnical_infrastructure,environment_natural_system,high,road damage classification,COMPARATIVE EVALUATION OF CNN ARCHITECTURES FOR ROAD DAMAGE CLASSIFICATION USING DIGITAL IMAGES IN SLEMAN REGENCY,10.30598/barekengvol20iss3pp2681-2692
2026-06-11T14:34:49,paper-0318,extraction_papers\paper-0318_urban_water_leakage_detection_system_over_dark_fiber_networks_based_on_distributed_acoustic.pdf,civil_geotechnical_infrastructure,environment_natural_system,medium,urban water network leakage monitoring,Urban Water Leakage Detection System over Dark Fiber Networks Based on Distributed Acoustic Sensing and Sparse Autoencoders,10.3390/s26072152
2026-06-11T14:34:49,paper-0362,extraction_papers\paper-0362_a_hybrid_physics_based_and_ai_enabled_framework_for_mine_road_infrastructure_maintenance_usi.pdf,civil_geotechnical_infrastructure,environment_natural_system,high,mine haul road condition monitoring,A Hybrid Physics-Based and AI-Enabled Framework for Mine Road Infrastructure Maintenance Using Inertial Sensors,10.3390/su18094402
2026-06-11T14:34:49,paper-0395,extraction_papers\paper-0395_development_and_validation_of_a_cloud_based_road_surface_condition_monitoring_framework_usin.pdf,civil_geotechnical_infrastructure,environment_natural_system,high,road surface condition monitoring,Development and Validation of a Cloud-Based Road Surface Condition Monitoring Framework using Citizen-Sourced Smartphone Sensor Data in the Philippines,10.5815/ijem.2026.02.13
2026-06-11T14:34:49,paper-0470,extraction_papers\paper-0470_active_digital_twins_via_active_inference.pdf,other_nonmaintenance,other_nonmaintenance,medium,generic active digital twin method,Active digital twins via active inference,10.1016/j.engappai.2026.114519
2026-06-11T14:34:49,paper-0472,extraction_papers\paper-0472_bayesian_multivariate_track_geometry_degradation_modeling_and_its_use_in_condition_based_ins.pdf,civil_geotechnical_infrastructure,environment_natural_system,high,track geometry degradation,Bayesian multivariate track geometry degradation modeling and its use in condition-based inspection,10.1007/s40534-025-00394-4
2026-06-11T14:34:49,paper-0485,extraction_papers\paper-0485_automated_prognostics_and_diagnostics_of_highspeed_railway_faults_using_machine_learning_app.pdf,civil_geotechnical_infrastructure,environment_natural_system,medium,railway network fault prediction,Automated prognostics and diagnostics of highspeed railway faults using machine learning approaches,10.1016/j.treng.2026.100438
2026-06-11T14:34:49,paper-0556,extraction_papers\paper-0556_detecting_rail_surface_contaminants_using_a_combined_short_time_fourier_transform_and_convol.pdf,civil_geotechnical_infrastructure,environment_natural_system,high,rail surface contaminant detection,Detecting Rail Surface Contaminants Using a Combined Short-Time Fourier Transform and Convolutional Neural Network Approach,10.3390/modelling7010035
2026-06-11T14:34:49,paper-0609,extraction_papers\paper-0609_automating_signal_synchronization_for_enhanced_track_monitoring_in_turnouts.pdf,civil_geotechnical_infrastructure,environment_natural_system,high,turnout track monitoring,Automating Signal Synchronization for Enhanced Track Monitoring in Turnouts,10.3390/app16010223
2026-06-11T14:34:49,paper-0650,extraction_papers\paper-0650_a_comparison_of_connected_vehicle_roughness_and_traditional_pavement_condition_index.pdf,civil_geotechnical_infrastructure,environment_natural_system,high,pavement condition comparison,A Comparison of Connected-Vehicle Roughness and Traditional Pavement Condition Index,10.3390/futuretransp6010047
2026-06-11T14:34:49,paper-0687,extraction_papers\paper-0687_high_precision_point_cloud_registration_for_long_span_bridges_based_on_iterative_closest_sur.pdf,civil_geotechnical_infrastructure,environment_natural_system,high,long-span bridge point clouds,High-Precision Point Cloud Registration for Long-Span Bridges Based on Iterative Closest-Surface Method,10.3390/buildings16030495
2026-06-11T14:34:49,paper-0707,extraction_papers\paper-0707_bridge_health_monitoring_and_assessment_in_industry_5_0_lessons_learned_from_long_term_real.pdf,civil_geotechnical_infrastructure,environment_natural_system,high,highway bridge monitoring,Bridge Health Monitoring and Assessment in Industry 5.0: Lessons Learned from Long-Term Real-Time Field Monitoring of Highway Bridges,10.3390/infrastructures11020055
2026-06-11T14:34:49,paper-0768,extraction_papers\paper-0768_ai_based_automated_visual_condition_assessment_of_municipal_road_infrastructure_using_high_r.pdf,civil_geotechnical_infrastructure,environment_natural_system,high,municipal road condition assessment,AI-Based Automated Visual Condition Assessment of Municipal Road Infrastructure Using High-Resolution 3D Street-Level Imagery,10.3390/infrastructures11030090
2026-06-11T14:34:49,paper-0806,extraction_papers\paper-0806_research_on_automatic_recognition_and_dimensional_quantification_of_surface_cracks_in_tunnel.pdf,civil_geotechnical_infrastructure,environment_natural_system,high,tunnel surface crack detection,Research on Automatic Recognition and Dimensional Quantification of Surface Cracks in Tunnels Based on Deep Learning,10.3390/modelling7010004
2026-06-11T14:34:49,paper-0850,extraction_papers\paper-0850_a_probability_based_risk_assessment_model_for_the_sustainable_management_of_urban_wastewater.pdf,civil_geotechnical_infrastructure,environment_natural_system,medium,urban sewer network risk,A Probability-Based Risk Assessment Model for the Sustainable Management of Urban Wastewater Collection Systems,10.3390/w18060737
2026-06-11T14:34:49,paper-0872,extraction_papers\paper-0872_mechanisms_of_fouled_railway_ballast_deterioration_under_freeze_thaw_and_cyclic_loading_impl.pdf,civil_geotechnical_infrastructure,environment_natural_system,high,railway ballast deterioration,Mechanisms of Fouled Railway Ballast Deterioration Under Freeze–Thaw and Cyclic Loading: Implications for Sustainable Maintenance in Seasonal Frozen Regions,10.3390/su18062808
2026-06-11T14:34:49,paper-0879,extraction_papers\paper-0879_optimal_condition_based_maintenance_of_asphalt_concrete_pavement_systems.pdf,civil_geotechnical_infrastructure,environment_natural_system,high,asphalt pavement maintenance,Optimal condition-based maintenance of asphalt-concrete pavement systems,10.1080/14680629.2025.2501713
2026-06-11T14:34:49,paper-0890,extraction_papers\paper-0890_real_world_application_of_non_destructive_pavement_health_monitoring_sensors.pdf,civil_geotechnical_infrastructure,environment_natural_system,high,pavement health monitoring,Real-World Application of Non-Destructive Pavement Health Monitoring Sensors,10.3390/s26030899
2026-06-11T14:34:49,paper-0904,extraction_papers\paper-0904_digitalization_and_automation_of_runway_inspection_using_unmanned_aerial_vehicles.pdf,civil_geotechnical_infrastructure,environment_natural_system,high,runway pavement inspection,Digitalization and Automation of Runway Inspection Using Unmanned Aerial Vehicles,10.3390/s26041100
2026-06-11T14:34:49,paper-0947,extraction_papers\paper-0947_data_driven_prediction_of_punchout_occurrence_in_crcp_using_an_optimized_gradient_boosting_m.pdf,civil_geotechnical_infrastructure,environment_natural_system,high,concrete pavement punchout prediction,Data-Driven Prediction of Punchout Occurrence in CRCP Using an Optimized Gradient Boosting Model,10.3390/modelling7010038
2026-06-11T14:34:49,paper-0948,extraction_papers\paper-0948_near_future_prediction_of_pipe_failures_in_water_supply_networks_a_key_determinant_for_water.pdf,civil_geotechnical_infrastructure,environment_natural_system,medium,Water pipe network renewal is civil utility infrastructure,Near-future prediction of pipe failures in water supply networks: a key determinant for water pipe renewal policies through a machine learning approach,10.1007/s13201-025-02738-1
2026-06-11T14:34:49,paper-1005,extraction_papers\paper-1005_integrating_self_healing_materials_and_internet_of_things_for_enhanced_infrastructure_durabi.pdf,civil_geotechnical_infrastructure,environment_natural_system,high,Self healing concrete asphalt and civil infrastructure durability,Integrating Self-Healing Materials and Internet of Things for Enhanced Infrastructure Durability and Sustainability,10.15866/irece.v17i1.27546
2026-06-11T14:34:49,paper-1011,extraction_papers\paper-1011_evolution_of_isolated_heaving_defects_for_vertical_rail_displacements_a_multi_disciplinary_s.pdf,civil_geotechnical_infrastructure,environment_natural_system,high,Railway track heaving and vertical displacement defects,Evolution of isolated heaving defects for vertical rail displacements: a multi-disciplinary study,10.1080/23248378.2025.2469302
2026-06-11T14:34:49,paper-1051,extraction_papers\paper-1051_predictive_modeling_of_track_quality_index_with_neural_networks.pdf,civil_geotechnical_infrastructure,environment_natural_system,high,Railway track quality index prediction,PREDICTIVE MODELING OF TRACK QUALITY INDEX WITH NEURAL NETWORKS,10.5937/jaes0-60022
2026-06-11T14:34:49,paper-1054,extraction_papers\paper-1054_a_hybrid_fuzzy_logic_and_artificial_neural_network_approach_for_engineering_structure_condit.pdf,civil_geotechnical_infrastructure,environment_natural_system,high,Bridge condition assessment,A Hybrid Fuzzy Logic and Artificial Neural Network Approach for Engineering Structure Condition Assessment Based on Long-Term Inspection Data,10.3390/app16020794
2026-06-11T14:34:49,paper-1133,extraction_papers\paper-1133_deep_learning_models_for_asphalt_material_behavior_analysis_under_smart_city_iot_infrastruct.pdf,civil_geotechnical_infrastructure,environment_natural_system,high,Asphalt pavement deterioration prediction,Deep learning models for asphalt material behavior analysis under smart city IoT infrastructures,10.1007/s43926-025-00253-y
2026-06-11T14:34:49,paper-1138,extraction_papers\paper-1138_modeling_switch_rail_wear_using_laser_profilometry_for_predictive_maintenance.pdf,civil_geotechnical_infrastructure,environment_natural_system,high,Switch rail and turnout wear prediction,Modeling switch rail wear using laser profilometry for predictive maintenance,10.12913/22998624/211838
2026-06-11T14:34:49,paper-1152,extraction_papers\paper-1152_learning_road_degradation_with_asphalt_integrated_sensor_fabric.pdf,civil_geotechnical_infrastructure,environment_natural_system,high,Asphalt road degradation monitoring,Learning road degradation with asphalt-integrated sensor fabric,10.1007/s41062-025-02415-x
2026-06-11T14:34:49,paper-1168,extraction_papers\paper-1168_implementation_of_an_ai_based_predictive_structural_health_monitoring_strategy_for_bonded_in.pdf,civil_geotechnical_infrastructure,environment_natural_system,high,Railway insulated rail joint track monitoring,Implementation of an AI-based predictive structural health monitoring strategy for bonded insulated rail joints using digital twins under varied bolt conditions,10.1007/s40534-024-00371-3
2026-06-11T14:34:49,paper-1200,extraction_papers\paper-1200_optimizing_3d_laser_scanning_parameters_for_early_stage_defect_detectability_in_subgrade_con.pdf,civil_geotechnical_infrastructure,environment_natural_system,high,Highway embankment subgrade condition monitoring,Optimizing 3D Laser Scanning Parameters for Early-Stage Defect Detectability in Subgrade Condition Monitoring,10.3390/s25237174
2026-06-11T14:34:49,paper-1251,extraction_papers\paper-1251_texture_based_image_analysis_and_explainable_machine_learning_for_polished_asphalt_identific.pdf,civil_geotechnical_infrastructure,environment_natural_system,high,Asphalt pavement polished surface monitoring,Texture-based image analysis and explainable machine learning for polished asphalt identification in pavement condition monitoring,10.1038/s41598-025-27203-6
2026-06-11T14:34:49,paper-1298,extraction_papers\paper-1298_a_comprehensive_data_driven_approach_to_estimate_track_longitudinal_level_from_inertial_meas.pdf,civil_geotechnical_infrastructure,environment_natural_system,high,Railway track longitudinal level estimation,A comprehensive data-driven approach to estimate track longitudinal level from inertial measurements,10.1007/s40534-026-00427-6
2026-06-11T14:34:49,paper-1314,extraction_papers\paper-1314_an_integrated_machine_learning_based_framework_for_road_roughness_severity_classification_an.pdf,civil_geotechnical_infrastructure,environment_natural_system,high,Road roughness and pavement maintenance,An Integrated Machine Learning-Based Framework for Road Roughness Severity Classification and Predictive Maintenance Planning in Urban Transportation System,10.3390/app152412916
2026-06-11T14:34:49,paper-1345,extraction_papers\paper-1345_predictive_maintenance_of_railway_tracks_using_sparse_time_series_and_health_state_based_rul.pdf,civil_geotechnical_infrastructure,environment_natural_system,high,Railway track RUL and TQI modeling,Predictive maintenance of railway tracks using sparse time-series and health state-based RUL modeling,10.1186/s44147-025-00842-2
2026-06-11T14:34:49,paper-1353,extraction_papers\paper-1353_a_real_time_multi_scale_feature_pyramid_yolo_architecture_for_accurate_and_deployment_effici.pdf,civil_geotechnical_infrastructure,environment_natural_system,high,Road and pavement damage detection,A Real-Time Multi-Scale Feature Pyramid YOLO Architecture for Accurate and Deployment-Efficient Road Damage Detection,10.14569/IJACSA.2026.0170350
2026-06-11T14:34:49,paper-1442,extraction_papers\paper-1442_configuring_taiwan_s_highway_bridge_performance_indicator_a_semi_quantitative_risk_assessmen.pdf,civil_geotechnical_infrastructure,environment_natural_system,high,Highway bridge risk indicator,Configuring Taiwan’s highway bridge performance indicator: a semi-quantitative risk assessment approach,10.1080/15732479.2024.2322540
2026-06-11T14:34:49,paper-1462,extraction_papers\paper-1462_named_entity_recognition_model_for_bridge_inspection_report_with_multi_features_fusion_and_c.pdf,civil_geotechnical_infrastructure,environment_natural_system,high,Bridge inspection report extraction,Named entity recognition model for bridge inspection report with multi-features fusion and correction method,10.1177/13694332261452281
2026-06-11T14:34:49,paper-1506,extraction_papers\paper-1506_digital_twin_driven_strategic_demolition_plan_for_circular_asset_management_of_bridge_infras.pdf,civil_geotechnical_infrastructure,environment_natural_system,high,Bridge infrastructure demolition asset management,Digital twin-driven strategic demolition plan for circular asset management of bridge infrastructures,10.1038/s41598-025-94117-8
2026-06-11T14:34:49,paper-1516,extraction_papers\paper-1516_bidirectional_long_short_term_memory_approach_for_infrastructure_health_monitoring_using_on.pdf,civil_geotechnical_infrastructure,environment_natural_system,high,Railway infrastructure stiffness monitoring,Bidirectional Long Short-Term Memory Approach for Infrastructure Health Monitoring Using On-Board Vibration Response,10.1177/03611981251342236
2026-06-11T14:34:49,paper-1560,extraction_papers\paper-1560_space_based_long_term_condition_monitoring_of_cold_region_pavement_with_ps_insar.pdf,civil_geotechnical_infrastructure,environment_natural_system,high,Cold region pavement elevation monitoring,Space-based long term condition monitoring of cold region pavement with PS-InSAR,10.1186/s43065-024-00110-2
2026-06-11T14:34:49,paper-1563,extraction_papers\paper-1563_data_driven_condition_monitoring_of_fixed_turnout_frogs_using_standard_track_recording_car_m.pdf,civil_geotechnical_infrastructure,environment_natural_system,high,Railway turnout frog condition monitoring,Data-Driven Condition Monitoring of Fixed-Turnout Frogs Using Standard Track Recording Car Measurements,10.3390/app152011122
2026-06-11T14:34:49,paper-1564,extraction_papers\paper-1564_evaluation_study_of_pavement_condition_using_digital_twins_and_deep_learning_on_imu_signals.pdf,civil_geotechnical_infrastructure,environment_natural_system,high,Pavement condition assessment,Evaluation Study of Pavement Condition Using Digital Twins and Deep Learning on IMU Signals,10.3390/fi17100436
2026-06-11T14:34:49,paper-1570,extraction_papers\paper-1570_ai_ladder_based_intelligent_enterprise_resource_planning_for_predictive_railway_track_mainte.pdf,civil_geotechnical_infrastructure,environment_natural_system,high,Railway track maintenance from imagery,AI Ladder-Based Intelligent Enterprise Resource Planning for Predictive Railway Track Maintenance from UAV Imagery,10.18280/mmep.121023
2026-06-11T14:34:49,paper-1571,extraction_papers\paper-1571_deep_learning_based_back_projection_parameter_estimation_for_quantitative_defect_assessment.pdf,civil_geotechnical_infrastructure,environment_natural_system,medium,Water pipeline defect assessment for urban infrastructure,Deep Learning-Based Back-Projection Parameter Estimation for Quantitative Defect Assessment in Single-Framed Endoscopic Imaging of Water Pipelines,10.3390/math13203291
2026-06-11T14:34:49,paper-1603,extraction_papers\paper-1603_interlayer_mechanical_behavior_in_crts_ii_slab_ballastless_tracks_under_vertical_loading.pdf,civil_geotechnical_infrastructure,environment_natural_system,high,Ballastless track slab interlayer mechanics,Interlayer Mechanical Behavior in CRTS II Slab Ballastless Tracks Under Vertical Loading,10.3390/app152413058
2026-06-11T14:34:49,paper-1607,extraction_papers\paper-1607_geometric_condition_assessment_of_traffic_signs_leveraging_sequential_video_log_images_and_p.pdf,civil_geotechnical_infrastructure,environment_natural_system,high,Traffic sign roadway asset condition assessment,Geometric Condition Assessment of Traffic Signs Leveraging Sequential Video-Log Images and Point-Cloud Data,10.3390/rs17244061
2026-06-11T14:34:49,paper-1645,extraction_papers\paper-1645_event_tree_analysis_for_risk_based_assessment_of_digitalised_condition_based_maintenance_in.pdf,civil_geotechnical_infrastructure,environment_natural_system,medium,Railway infrastructure CBM risk analysis,Event tree analysis for risk-based assessment of digitalised condition-based maintenance in railway,10.1007/s13198-025-02858-6
2026-06-11T14:34:49,paper-1646,extraction_papers\paper-1646_distress_level_prediction_of_pavement_deterioration_with_causal_analysis_and_uncertainty_qua.pdf,civil_geotechnical_infrastructure,environment_natural_system,high,Pavement distress deterioration prediction,Distress-Level Prediction of Pavement Deterioration with Causal Analysis and Uncertainty Quantification,10.3390/app152011250
2026-06-11T14:34:49,paper-1674,extraction_papers\paper-1674_an_unsupervised_learning_approach_to_predict_the_deterioration_of_aging_bridges_using_inspec.pdf,civil_geotechnical_infrastructure,environment_natural_system,high,Bridge deterioration prediction,An unsupervised learning approach to predict the deterioration of aging bridges using inspection data,10.1002/suco.70046
2026-06-11T14:34:49,paper-1680,extraction_papers\paper-1680_vehicle_as_a_sensor_approach_for_urban_track_anomaly_detection.pdf,civil_geotechnical_infrastructure,environment_natural_system,high,Urban tram track anomaly detection,Vehicle-as-a-Sensor Approach for Urban Track Anomaly Detection,10.3390/s25216679
2026-06-11T14:34:49,paper-1695,extraction_papers\paper-1695_recognition_method_of_bridge_apparent_defects_based_on_image_processing_and_improved_convolu.pdf,civil_geotechnical_infrastructure,environment_natural_system,high,Bridge defect recognition,Recognition method of bridge apparent defects based on image processing and improved convolutional neural networks,10.1371/journal.pone.0335446
2026-06-11T14:34:49,paper-1717,extraction_papers\paper-1717_colour_coded_bim_models_for_corrosion_severity_assessment_in_steel_bridges.pdf,civil_geotechnical_infrastructure,environment_natural_system,high,Steel bridge corrosion severity assessment,Colour-Coded BIM Models for Corrosion Severity Assessment in Steel Bridges,10.3390/civileng6040067
2026-06-11T14:34:49,paper-1729,extraction_papers\paper-1729_gan_based_data_augmentation_of_time_series_for_fault_diagnosis_in_railway_track.pdf,civil_geotechnical_infrastructure,environment_natural_system,high,Railway track fault diagnosis,GAN-based data augmentation of time series for fault diagnosis in railway track,10.1007/s40534-025-00396-2
2026-06-11T14:34:49,paper-1754,extraction_papers\paper-1754_balancing_efficiency_and_cost_a_technical_and_economic_analysis_of_condensed_maintenance.pdf,civil_geotechnical_infrastructure,environment_natural_system,high,Railway track tamping and behavior prediction,Balancing Efficiency and Cost: A Technical and Economic Analysis of Condensed Maintenance,10.3390/app152111688
2026-06-11T14:34:49,paper-1773,extraction_papers\paper-1773_road_surface_state_change_detection_based_on_binocular_vision_for_autonomous_driving_system.pdf,civil_geotechnical_infrastructure,environment_natural_system,high,Road surface state and pavement damage detection,Road Surface State Change Detection Based on Binocular Vision for Autonomous Driving System,10.1145/3757920
2026-06-11T14:34:49,paper-1815,extraction_papers\paper-1815_leveraging_artificial_intelligence_for_predictive_maintenance_and_condition_rating_of_off_sy.pdf,civil_geotechnical_infrastructure,environment_natural_system,high,Bridge condition rating prediction,Leveraging Artificial Intelligence for Predictive Maintenance and Condition Rating of Off-System Bridges,10.3390/app152111301
2026-06-11T14:34:49,paper-1867,extraction_papers\paper-1867_state_evaluation_of_wheel_rail_force_in_high_speed_railway_turnouts_based_on_multivariate_an.pdf,civil_geotechnical_infrastructure,environment_natural_system,high,Railway turnout wheel rail force state evaluation,State Evaluation of Wheel–Rail Force in High-Speed Railway Turnouts Based on Multivariate Analysis and Unsupervised Clustering,10.3390/app152211934
2026-06-11T14:34:49,paper-1883,extraction_papers\paper-1883_identification_of_railway_vertical_track_alignment_via_the_unknown_input_observer.pdf,civil_geotechnical_infrastructure,environment_natural_system,high,Railway vertical track alignment identification,Identification of Railway Vertical Track Alignment via the Unknown Input Observer †,10.3390/app152111332
2026-06-11T14:34:49,paper-1948,extraction_papers\paper-1948_efficient_crack_and_surface_type_recognition_via_cnn_block_development_mechanism_and_edge_pr.pdf,civil_geotechnical_infrastructure,environment_natural_system,high,concrete plaster and wall crack classification,Efficient crack and surface-type recognition via CNN-block development mechanism and edge profiling,10.1038/s41598-025-25956-8
2026-06-11T14:34:49,paper-1953,extraction_papers\paper-1953_a_numerical_simulation_study_on_vertical_vibration_response_for_rail_squat_detection_with_a.pdf,civil_geotechnical_infrastructure,environment_natural_system,high,rail squat and track condition monitoring,A Numerical Simulation Study on Vertical Vibration Response for Rail Squat Detection with a Train in Regular Traffic,10.3390/infrastructures10110313
2026-06-11T14:34:49,paper-1967,extraction_papers\paper-1967_estimation_of_railway_track_vertical_alignment_using_instrumented_wheelsets_and_contact_forc.pdf,civil_geotechnical_infrastructure,environment_natural_system,high,railway track vertical alignment monitoring,Estimation of Railway Track Vertical Alignment Using Instrumented Wheelsets and Contact Force Recordings †,10.3390/machines13100963
2026-06-11T14:34:49,paper-1969,extraction_papers\paper-1969_intelligent_condition_monitoring_of_high_formwork_support_systems_a_hybrid_fem_deep_learning.pdf,civil_geotechnical_infrastructure,environment_natural_system,high,construction formwork support structural monitoring,Intelligent Condition Monitoring of High-Formwork Support Systems: A Hybrid FEM-Deep Learning Approach with Large Language Model Integration,10.1177/00368504251393791
2026-06-11T14:34:49,paper-1971,extraction_papers\paper-1971_investigation_of_the_transferability_of_measured_data_for_application_of_yolov8s_in_the_iden.pdf,civil_geotechnical_infrastructure,environment_natural_system,high,road defect detection,Investigation of the Transferability of Measured Data for Application of YOLOv8s in the Identification of Road Defects: An SA-Indian Case Study,10.3390/su172310641
2026-06-11T14:34:49,paper-2069,extraction_papers\paper-2069_holistic_benefit_cost_analysis_of_bridge_seismic_retrofitting_coupled_with_artificial_intell.pdf,civil_geotechnical_infrastructure,environment_natural_system,high,bridge seismic retrofitting and deterioration,Holistic Benefit–Cost Analysis of Bridge Seismic Retrofitting Coupled with Artificial Intelligence-Based Decision Policy,10.1177/03611981251328984
2026-06-11T14:34:49,paper-2076,extraction_papers\paper-2076_evaluation_of_connected_vehicle_pavement_roughness_data_for_statewide_needs_assessment.pdf,civil_geotechnical_infrastructure,environment_natural_system,high,pavement roughness monitoring,Evaluation of Connected Vehicle Pavement Roughness Data for Statewide Needs Assessment,10.3390/infrastructures10090248
2026-06-11T14:34:49,paper-2085,extraction_papers\paper-2085_machine_learning_based_highway_pavement_performance_prediction_in_xinjiang.pdf,civil_geotechnical_infrastructure,environment_natural_system,high,highway pavement performance prediction,Machine Learning-Based Highway Pavement Performance Prediction in Xinjiang,10.3390/infrastructures10070189
2026-06-11T14:34:49,paper-2127,extraction_papers\paper-2127_predicting_pavement_cracking_performance_using_laser_scanning_and_geocomplexity_enhanced_mac.pdf,civil_geotechnical_infrastructure,environment_natural_system,high,pavement crack deterioration prediction,Predicting pavement cracking performance using laser scanning and geocomplexity-enhanced machine learning,10.1111/mice.13489
2026-06-11T14:34:49,paper-2132,extraction_papers\paper-2132_a_mathematical_methodology_for_the_detection_of_rail_corrugation_based_on_acoustic_analysis.pdf,civil_geotechnical_infrastructure,environment_natural_system,high,rail corrugation track defect detection,A Mathematical Methodology for the Detection of Rail Corrugation Based on Acoustic Analysis: Toward Autonomous Operation,10.3390/math13172815
2026-06-11T14:34:49,paper-2169,extraction_papers\paper-2169_physics_guided_modeling_and_parameter_inversion_for_complex_engineering_scenarios_with_appli.pdf,civil_geotechnical_infrastructure,environment_natural_system,medium,rail infrastructure and well deformation monitoring,Physics-Guided Modeling and Parameter Inversion for Complex Engineering Scenarios: With Applications in Horizontal Wells and Rail Infrastructure Monitoring,10.3390/sym17081334
2026-06-11T14:34:49,paper-2191,extraction_papers\paper-2191_enhancing_railway_safety_in_indonesia_a_data_driven_approach_to_track_irregularity_detection.pdf,civil_geotechnical_infrastructure,environment_natural_system,high,railway track irregularity detection,Enhancing Railway Safety in Indonesia: A Data-Driven Approach to Track Irregularity Detection using In-Service Train Accelerometers,10.18280/isi.300901
2026-06-11T14:34:49,paper-2220,extraction_papers\paper-2220_regional_scale_bridge_condition_monitoring_using_insar_displacements_and_environmental_data.pdf,civil_geotechnical_infrastructure,environment_natural_system,high,bridge condition monitoring,Regional-scale bridge condition monitoring using InSAR displacements and environmental data,10.1177/14759217241302369
2026-06-11T14:34:49,paper-2243,extraction_papers\paper-2243_managing_and_predicting_the_condition_of_paved_road_network_in_finland_essential_technical_i.pdf,civil_geotechnical_infrastructure,environment_natural_system,high,paved road network condition management,MANAGING AND PREDICTING THE CONDITION OF PAVED ROAD NETWORK IN FINLAND: ESSENTIAL TECHNICAL INFORMATION,10.7250/bjrbe.2025-20.658
2026-06-11T14:34:49,paper-2279,extraction_papers\paper-2279_hybrid_gaussian_process_regression_models_for_accurate_prediction_of_carbonation_induced_ste.pdf,civil_geotechnical_infrastructure,environment_natural_system,high,cementitious mortar corrosion prediction,Hybrid Gaussian Process Regression Models for Accurate Prediction of Carbonation-Induced Steel Corrosion in Cementitious Mortars,10.3390/buildings15142464
2026-06-11T14:34:49,paper-2289,extraction_papers\paper-2289_digital_twin_based_structural_health_monitoring_of_dikes.pdf,civil_geotechnical_infrastructure,environment_natural_system,high,dike structural health monitoring,Digital-Twin-Based Structural Health Monitoring of Dikes,10.3390/civileng6030039
2026-06-11T14:34:49,paper-2314,extraction_papers\paper-2314_mems_enabled_vibration_monitoring_and_diagnostic_evaluation_for_long_term_health_assessment.pdf,civil_geotechnical_infrastructure,environment_natural_system,high,bridge structural health monitoring,MEMS-ENABLED VIBRATION MONITORING AND DIAGNOSTIC EVALUATION FOR LONG-TERM HEALTH ASSESSMENT OF SWARNAMUKHI AND BHAKTA KANNAPPA SETHU BRIDGES IN SRIKALAHASTI,10.70102/afts.2025.1833.135
2026-06-11T14:34:49,paper-2396,extraction_papers\paper-2396_design_strategies_for_stack_based_piezoelectric_energy_harvesters_near_bridge_bearings.pdf,civil_geotechnical_infrastructure,environment_natural_system,high,bridge bearing sensor energy harvesting,Design Strategies for Stack-Based Piezoelectric Energy Harvesters near Bridge Bearings,10.3390/s25154692
2026-06-11T14:34:49,paper-2554,extraction_papers\paper-2554_digital_twin_framework_for_bridge_slab_deterioration_from_2d_inspection_data_to_predictive_3.pdf,civil_geotechnical_infrastructure,environment_natural_system,high,bridge slab deterioration prediction,Digital Twin Framework for Bridge Slab Deterioration: From 2D Inspection Data to Predictive 3D Maintenance Modeling,10.3390/buildings15121979
2026-06-11T14:34:49,paper-2555,extraction_papers\paper-2555_a_multilevel_track_defects_assessment_framework_based_on_vehicle_body_vibration.pdf,civil_geotechnical_infrastructure,environment_natural_system,high,railway track defect assessment,A multilevel track defects assessment framework based on vehicle body vibration,10.1111/mice.13466
2026-06-11T14:34:49,paper-2655,extraction_papers\paper-2655_design_and_validation_of_a_real_time_maintenance_monitoring_system_using_bim_and_digital_twi.pdf,civil_geotechnical_infrastructure,environment_natural_system,high,noise barrier tunnel infrastructure monitoring,Design and Validation of a Real-Time Maintenance Monitoring System Using BIM and Digital Twin Integration,10.3390/buildings15081312
2026-06-11T14:34:49,paper-2732,extraction_papers\paper-2732_managing_and_predicting_the_condition_of_paved_road_network_in_finland_essential_technical_i.pdf,civil_geotechnical_infrastructure,environment_natural_system,high,paved road network condition management,MANAGING AND PREDICTING THE CONDITION OF PAVED ROAD NETWORK IN FINLAND: ESSENTIAL TECHNICAL INFORMATION,10.7250/bjrbe.2025-20.658
2026-06-11T14:34:49,paper-2756,extraction_papers\paper-2756_genetic_algorithm_based_model_updating_in_a_real_time_digital_twin_for_steel_bridge_monitori.pdf,civil_geotechnical_infrastructure,environment_natural_system,high,steel railway bridge digital twin monitoring,Genetic Algorithm-Based Model Updating in a Real-Time Digital Twin for Steel Bridge Monitoring,10.3390/app15084074
2026-06-11T14:34:49,paper-2780,extraction_papers\paper-2780_lidar_based_road_cracking_detection_machine_learning_comparison_intensity_normalization_and.pdf,civil_geotechnical_infrastructure,environment_natural_system,high,road crack detection,"LiDAR-Based Road Cracking Detection: Machine Learning Comparison, Intensity Normalization, and Open-Source WebGIS for Infrastructure Maintenance",10.3390/rs17091543
2026-06-11T14:34:49,paper-2792,extraction_papers\paper-2792_numerical_model_development_of_reinforced_concrete_beam_for_structural_health_monitoring.pdf,civil_geotechnical_infrastructure,environment_natural_system,high,reinforced concrete beam structural monitoring,Numerical Model Development of Reinforced Concrete Beam for Structural Health Monitoring,10.37934/aram.128.1.2439
2026-06-11T14:34:49,paper-2834,extraction_papers\paper-2834_real_time_detection_and_quantification_of_rail_surface_cracks_using_surface_acoustic_waves_a.pdf,civil_geotechnical_infrastructure,environment_natural_system,high,rail surface crack monitoring,Real-Time Detection and Quantification of Rail Surface Cracks Using Surface Acoustic Waves and Piezoelectric Patch Transducers,10.3390/s25103014
2026-06-11T14:34:49,paper-2891,extraction_papers\paper-2891_neural_network_approach_for_fatigue_crack_prediction_in_asphalt_pavements_using_falling_weig.pdf,civil_geotechnical_infrastructure,environment_natural_system,high,asphalt pavement fatigue crack prediction,Neural Network Approach for Fatigue Crack Prediction in Asphalt Pavements Using Falling Weight Deflectometer Data,10.3390/app15073799
2026-06-11T14:34:49,paper-2899,extraction_papers\paper-2899_predicting_deterioration_in_paint_coated_steel_due_to_defects_using_a_generative_adversarial.pdf,civil_geotechnical_infrastructure,environment_natural_system,high,steel structure coating corrosion deterioration,Predicting deterioration in paint-coated steel due to defects using a generative adversarial network approach,10.1007/s11709-025-1180-9
2026-06-11T14:34:49,paper-2968,extraction_papers\paper-2968_crack_identification_for_bridge_condition_monitoring_combining_graph_attention_networks_and.pdf,civil_geotechnical_infrastructure,environment_natural_system,high,bridge crack identification,Crack Identification for Bridge Condition Monitoring Combining Graph Attention Networks and Convolutional Neural Networks,10.3390/app15105452
2026-06-11T14:34:49,paper-3016,extraction_papers\paper-3016_yolo_rd_a_road_damage_detection_method_for_effective_pavement_maintenance.pdf,civil_geotechnical_infrastructure,environment_natural_system,high,road damage detection,YOLO-RD: A Road Damage Detection Method for Effective Pavement Maintenance,10.3390/s25051442
2026-06-11T14:34:49,paper-3054,extraction_papers\paper-3054_application_of_machine_learning_for_real_time_structural_integrity_assessment_of_bridges.pdf,civil_geotechnical_infrastructure,environment_natural_system,high,bridge structural integrity assessment,Application of Machine Learning for Real-Time Structural Integrity Assessment of Bridges †,10.3390/civileng6010002
2026-06-11T14:34:49,paper-3070,extraction_papers\paper-3070_artificial_intelligence_and_non_destructive_testing_data_to_assess_concrete_sustainability_o.pdf,civil_geotechnical_infrastructure,environment_natural_system,high,concrete civil infrastructure assessment,Artificial Intelligence and Non-Destructive Testing Data to Assess Concrete Sustainability of Civil Engineering Infrastructures,10.3390/ma18040826
2026-06-11T14:34:49,paper-3105,extraction_papers\paper-3105_a_predictive_model_based_on_the_lstm_technique_for_the_maintenance_of_railway_track_system.pdf,civil_geotechnical_infrastructure,environment_natural_system,high,railway track defects and RUL,A predictive model based on the LSTM technique for the maintenance of railway track system,10.1504/IJCSE.2025.143461
2026-06-11T14:34:49,paper-3115,extraction_papers\paper-3115_optimization_of_port_asset_management_using_digital_twin_and_bim_gis_in_the_context_of_indus.pdf,civil_geotechnical_infrastructure,environment_natural_system,medium,port infrastructure asset management,Optimization of Port Asset Management Using Digital Twin and BIM/GIS in the Context of Industry 4.0: A Case Study of Spanish Ports,10.3390/pr13030705
2026-06-11T14:34:49,paper-3123,extraction_papers\paper-3123_uav_framework_for_railroad_inspection_and_predictive_maintenance.pdf,civil_geotechnical_infrastructure,environment_natural_system,high,railroad infrastructure inspection,UAV framework for railroad inspection and predictive maintenance,10.1007/s43995-025-00234-w
2026-06-11T14:34:49,paper-3124,extraction_papers\paper-3124_active_learning_for_regression_in_engineering_populations_a_risk_informed_approach.pdf,civil_geotechnical_infrastructure,environment_natural_system,medium,generic SHM regression not equipment,Active learning for regression in engineering populations: A risk-informed approach,10.1017/dce.2025.7
2026-06-11T14:34:49,paper-3169,extraction_papers\paper-3169_quasi_static_methods_for_determining_the_calculated_wheel_load_on_the_railway_track.pdf,civil_geotechnical_infrastructure,environment_natural_system,high,railway track load monitoring,Quasi-static methods for determining the calculated wheel load on the railway track,10.14513/actatechjaur.00769
2026-06-11T14:34:49,paper-3185,extraction_papers\paper-3185_leveraging_deep_learning_techniques_for_condition_assessment_of_stormwater_pipe_network.pdf,civil_geotechnical_infrastructure,environment_natural_system,high,stormwater pipe network condition,Leveraging deep learning techniques for condition assessment of stormwater pipe network,10.1007/s13349-024-00841-6
2026-06-11T14:34:49,paper-3281,extraction_papers\paper-3281_assessment_of_cracking_development_in_concrete_precast_crane_beams_using_optical_and_deep_le.pdf,civil_geotechnical_infrastructure,environment_natural_system,high,concrete crane beam cracking,Assessment of Cracking Development in Concrete Precast Crane Beams Using Optical and Deep Learning Methods,10.3390/ma18040731
2026-06-11T14:34:49,paper-3315,extraction_papers\paper-3315_framework_for_asset_digitalization_iot_platforms_and_asset_health_index_in_maintenance_appli.pdf,civil_geotechnical_infrastructure,environment_natural_system,high,bridge and civil asset framework,Framework for Asset Digitalization: IoT Platforms and Asset Health Index in Maintenance Applications,10.3390/app15031524
2026-06-11T14:34:49,paper-3343,extraction_papers\paper-3343_clustering_and_vectorizing_acoustic_emission_events_of_large_infrastructures_normal_operatio.pdf,civil_geotechnical_infrastructure,environment_natural_system,high,lifting dam gate infrastructure,Clustering and Vectorizing Acoustic Emission Events of Large Infrastructures’ Normal Operation,10.3390/infrastructures10020038
2026-06-11T14:34:49,paper-3348,extraction_papers\paper-3348_exploring_the_paradigm_of_railway_predictive_maintenance.pdf,civil_geotechnical_infrastructure,environment_natural_system,high,railway track maintenance strategy,Exploring the paradigm of railway predictive maintenance,10.1080/15732479.2025.2596714
2026-06-11T14:34:49,paper-3400,extraction_papers\paper-3400_design_of_sensorized_rail_pads_for_real_time_monitoring_and_predictive_maintenance_of_railwa.pdf,civil_geotechnical_infrastructure,environment_natural_system,high,rail pads and track infrastructure,Design of Sensorized Rail Pads for Real-Time Monitoring and Predictive Maintenance of Railway Infrastructure,10.3390/infrastructures10020045
2026-06-11T14:34:49,paper-3438,extraction_papers\paper-3438_improving_road_safety_with_ai_automated_detection_of_signs_and_surface_damage.pdf,civil_geotechnical_infrastructure,environment_natural_system,high,road surface damage,Improving Road Safety with AI: Automated Detection of Signs and Surface Damage,10.3390/computers14030091
2026-06-11T14:34:49,paper-3439,extraction_papers\paper-3439_cost_efficiency_and_effectiveness_of_drone_applications_in_bridge_condition_monitoring.pdf,civil_geotechnical_infrastructure,environment_natural_system,high,bridge condition monitoring,Cost Efficiency and Effectiveness of Drone Applications in Bridge Condition Monitoring,10.3390/infrastructures10030063
2026-06-11T14:34:49,paper-3471,extraction_papers\paper-3471_an_ndt_method_for_measuring_the_diameter_and_embedment_depth_of_the_main_rebar_in_cement_pol.pdf,civil_geotechnical_infrastructure,environment_natural_system,high,cement pole rebar assessment,An NDT Method for Measuring the Diameter and Embedment Depth of the Main Rebar in Cement Poles Based on Rotating Permanent Magnet Excitation,10.3390/s25051477
2026-06-11T14:34:49,paper-3565,extraction_papers\paper-3565_railway_track_buckling_evaluation_using_rigid_flexible_multibody_dynamic_model_and_machine_l.pdf,civil_geotechnical_infrastructure,environment_natural_system,high,railway track buckling,Railway track buckling evaluation using rigid-flexible multibody dynamic model and machine learning,10.1080/15397734.2025.2456655
2026-06-11T14:34:49,paper-3570,extraction_papers\paper-3570_rail_surface_damage_management_through_monitoring_and_modelling.pdf,civil_geotechnical_infrastructure,environment_natural_system,high,rail surface damage,Rail surface damage management through monitoring and modelling,10.1080/23248378.2024.2337364
2026-06-11T14:34:49,paper-3620,extraction_papers\paper-3620_a_retrospective_analysis_of_soft_computing_techniques_for_rule_mining.pdf,other_nonmaintenance,other_nonmaintenance,medium,generic rule mining review,A Retrospective Analysis of Soft Computing Techniques for Rule Mining †,10.3390/engproc2025107058
2026-06-11T14:34:49,paper-3656,extraction_papers\paper-3656_a_data_driven_framework_for_explainable_artificial_intelligence_in_pavement_distress_analysi.pdf,civil_geotechnical_infrastructure,environment_natural_system,high,pavement distress analysis,A Data-Driven Framework for Explainable Artificial Intelligence in Pavement Distress Analysis and Decision Support: Integrating Clustering Models and Principal Component Analysis,10.1155/stc/8852297
2026-06-11T14:34:49,paper-3660,extraction_papers\paper-3660_a_hybrid_approach_for_damage_identification_of_steel_bridges_with_discrete_cracks.pdf,civil_geotechnical_infrastructure,environment_natural_system,high,steel bridge cracks,A hybrid approach for damage identification of steel bridges with discrete cracks,10.1080/15732479.2025.2520341
2026-06-11T14:34:49,paper-3665,extraction_papers\paper-3665_advancing_asphalt_pavement_monitoring_and_prognostics_with_physics_informed_digital_twins_a.pdf,civil_geotechnical_infrastructure,environment_natural_system,high,asphalt pavement monitoring,Advancing asphalt pavement monitoring and prognostics with physics-informed digital twins: a feasibility study,10.1080/10298436.2025.2566277
2026-06-11T14:34:49,paper-3692,extraction_papers\paper-3692_a_dual_image_fusion_instance_segmentation_model_for_pavement_patch_detection.pdf,civil_geotechnical_infrastructure,environment_natural_system,high,pavement patch detection,A dual-image fusion instance segmentation model for pavement patch detection,10.1080/10298436.2025.2472857
2026-06-11T14:34:49,paper-3704,extraction_papers\paper-3704_condition_assessment_of_low_volume_roads_in_norway_a_deep_learning_approach_for_automatic_as.pdf,civil_geotechnical_infrastructure,environment_natural_system,high,road condition assessment,Condition Assessment of Low-Volume Roads in Norway: A Deep Learning Approach for Automatic Assessment at Network Level,10.1007/s42947-025-00603-7
2026-06-11T14:34:49,paper-3732,extraction_papers\paper-3732_automated_inspection_system_with_gps_and_deep_learning_in_urban_rail_safety_and_efficiency.pdf,civil_geotechnical_infrastructure,environment_natural_system,high,urban rail infrastructure inspection,Automated Inspection System with GPS and Deep Learning in Urban Rail Safety and Efficiency,10.12700/APH.22.4.2025.4.2
2026-06-11T14:34:49,paper-3751,extraction_papers\paper-3751_a_bim_enabled_workflow_for_the_rehabilitation_of_heritage_steel_bridges.pdf,civil_geotechnical_infrastructure,environment_natural_system,high,heritage steel bridge rehab,A BIM-Enabled Workflow for the Rehabilitation of Heritage Steel Bridges,10.3390/app15020677
2026-06-11T14:34:49,paper-3753,extraction_papers\paper-3753_prediction_model_for_track_quality_index_categories_on_the_northern_and_southern_railway_lin.pdf,civil_geotechnical_infrastructure,environment_natural_system,high,railway track quality index,Prediction Model for Track Quality Index Categories on the Northern and Southern Railway Lines of Java,10.3311/PPtr.38115
2026-06-11T14:34:49,paper-3817,extraction_papers\paper-3817_integration_of_deep_learning_and_railway_big_data_for_environmental_risk_prediction_models_a.pdf,civil_geotechnical_infrastructure,environment_natural_system,medium,railway system environmental risk,Integration of deep learning and railway big data for environmental risk prediction models and analysis of their limitations,10.3389/fenvs.2025.1550745
2026-06-11T14:34:49,paper-3818,extraction_papers\paper-3818_estimation_of_vertical_forces_and_track_degradation_considering_wheel_rail_interaction_railw.pdf,civil_geotechnical_infrastructure,environment_natural_system,high,rail track degradation,"Estimation of Vertical Forces and Track Degradation Considering, Wheel-Rail Interaction, Railway Traffic Severity and Seasonal Conditions",10.12700/APH.22.4.2025.4.17
2026-06-11T14:34:49,paper-3853,extraction_papers\paper-3853_a_four_layer_digital_framework_for_bim_and_fm_integration_in_a_sustainable_urban_drainage_sy.pdf,civil_geotechnical_infrastructure,environment_natural_system,high,urban drainage infrastructure,A Four-Layer Digital Framework for BIM and FM Integration in a Sustainable Urban Drainage System †,10.3390/engproc2025116039
2026-06-11T14:34:49,paper-3872,extraction_papers\paper-3872_integration_of_iot_and_digital_twin_for_intelligent_management_of_urban_underground_pipe_gal.pdf,civil_geotechnical_infrastructure,environment_natural_system,high,urban pipe gallery infrastructure,Integration of IoT and Digital Twin for Intelligent Management of Urban Underground Pipe Galleries in Smart Cities,10.31449/inf.v49i15.7903
2026-06-11T14:34:49,paper-3885,extraction_papers\paper-3885_automated_polarisation_optical_method_for_diagnostics_of_railway_rails_surface_defects.pdf,civil_geotechnical_infrastructure,environment_natural_system,high,rail surface defects,Automated polarisation-optical method for diagnostics of railway rails surface defects,10.24425/opelre.2025.155876
2026-06-11T14:34:49,paper-3899,extraction_papers\paper-3899_estimation_of_bridge_girder_cumulative_displacement_for_component_operational_warning_using.pdf,civil_geotechnical_infrastructure,environment_natural_system,high,bridge girder displacement,Estimation of Bridge Girder Cumulative Displacement for Component Operational Warning Using Bayesian Neural Networks,10.1155/stc/9974584
2026-06-11T14:34:49,paper-3924,extraction_papers\paper-3924_benchmarking_yolov8_variants_with_transfer_learning_for_real_time_detection_and_classificati.pdf,civil_geotechnical_infrastructure,environment_natural_system,high,road cracks and potholes,Benchmarking YOLOv8 Variants with Transfer Learning for Real-Time Detection and Classification of Road Cracks and Potholes,10.29207/resti.v9i4.6710
2026-06-11T14:34:49,paper-3929,extraction_papers\paper-3929_building_a_monitoring_mechanism_for_water_pipe_spatial_status_in_a_cyber_physical_system.pdf,civil_geotechnical_infrastructure,environment_natural_system,high,water pipe integrity,Building a Monitoring Mechanism for Water Pipe Spatial Status in a Cyber-physical System,10.18494/SAM6012
2026-06-11T14:34:49,paper-3970,extraction_papers\paper-3970_developing_an_algorithmic_framework_for_sustainable_asset_management_of_district_heating_net.pdf,civil_geotechnical_infrastructure,environment_natural_system,medium,district heating network infrastructure,Developing an Algorithmic Framework for Sustainable Asset Management of District Heating Networks: A Scenario-Based Approach,10.2478/rtuect-2025-0056
