batch_index,corpus_id,source_pdf,facts_file,status
1,paper-0269,extraction_papers/paper-0269_service_oriented_architecture_for_decision_support_in_industrial_life_cycle_management_desig.pdf,facts_7927f1f673b8.ttl,extracted
2,paper-0273,extraction_papers/paper-0273_physics_enhanced_orthogonal_sensing_for_self_supervised_anomaly_detection_in_rolling_mills.pdf,facts_d17d87c3a3eb.ttl,extracted
3,paper-0280,extraction_papers/paper-0280_early_fault_detection_in_gearboxes_via_dynamic_principal_component_analysis_driven_multivari.pdf,facts_ac94a4053e5f.ttl,extracted
4,paper-0284,extraction_papers/paper-0284_explainable_machine_learning_for_incipient_anomaly_detection_in_compact_molten_salt_heat_exc.pdf,facts_06c8822b55d2.ttl,extracted
5,paper-0287,extraction_papers/paper-0287_shap_driven_fractional_long_range_model_for_degradation_trend_prediction_of_proton_exchange.pdf,facts_4296efeaf057.ttl,extracted
6,paper-0289,extraction_papers/paper-0289_mechaforge_a_multi_strategy_time_series_synthesis_framework_for_intelligent_fault_diagnosis.pdf,facts_e8d1b9b021c6.ttl,extracted
7,paper-0302,extraction_papers/paper-0302_dban_net_a_dual_branch_attention_network_for_acoustic_fault_detection_in_electrical_power_eq.pdf,facts_359c9220d540.ttl,extracted
8,paper-0305,extraction_papers/paper-0305_machine_learning_applications_in_predictive_maintenance_data_balancing_and_feature_selection.pdf,facts_3e0ce37a59da.ttl,extracted
9,paper-0306,extraction_papers/paper-0306_development_and_practical_application_of_condition_monitoring_system_for_ultra_high_voltage.pdf,facts_0565684ca025.ttl,extracted
10,paper-0307,extraction_papers/paper-0307_an_rl_guided_hybrid_forecasting_framework_for_aircraft_engine_rul_and_performance_emission_p.pdf,facts_3ccee18dcf6a.ttl,extracted
11,paper-0313,extraction_papers/paper-0313_optimizing_charge_discharge_cycles_using_qpponet_enabled_hybrid_learning_framework_for_energ.pdf,facts_fb83d9a66daa.ttl,extracted
12,paper-0315,extraction_papers/paper-0315_value_of_information_based_assessment_of_strain_based_thickness_loss_monitoring_in_ship_hull.pdf,facts_c0d21534f79d.ttl,extracted
13,paper-0319,extraction_papers/paper-0319_condition_diagnostics_of_marine_centrifugal_pumps_based_on_blade_passing_frequency_harmonics.pdf,facts_21bd9d788c78.ttl,extracted
14,paper-0320,extraction_papers/paper-0320_gpcn_a_decomposition_based_hybrid_model_for_a_lithium_ion_capacity_forecasting_and_rul_infer.pdf,facts_f29d09158cf0.ttl,extracted
15,paper-0324,extraction_papers/paper-0324_rul_estimation_of_rolling_element_bearings_using_a_hybrid_wavelet_packet_decomposition_recur.pdf,facts_b47b20ea7c9c.ttl,extracted
16,paper-0326,extraction_papers/paper-0326_genetic_algorithm_based_series_parallel_mode_narx_model_gabpm_narx_for_remaining_useful_life.pdf,facts_a3194078c97a.ttl,extracted
17,paper-0330,extraction_papers/paper-0330_a_simulation_study_on_wear_monitoring_and_prognosis_in_electro_mechanical_brakes_for_a_small.pdf,facts_a184b5b27a7f.ttl,extracted
18,paper-0331,extraction_papers/paper-0331_a_lightweight_1d_cnn_transformer_for_bearing_fault_diagnosis_under_limited_data_and_awgn_int.pdf,facts_541c334faec8.ttl,extracted
19,paper-0333,extraction_papers/paper-0333_a_machine_learning_framework_for_long_term_forecasting_of_spare_part_demand_in_end_of_life_p.pdf,facts_8cc33107cf16.ttl,duplicate_source_content
20,paper-0337,extraction_papers/paper-0337_active_sensing_based_prognostics_for_impacted_cfrp_structures_under_compressive_fatigue_load.pdf,facts_74b3bb0b5533.ttl,extracted
21,paper-0339,extraction_papers/paper-0339_novel_fault_diagnosis_technology_based_on_integrated_spectral_kurtosis_for_gearboxes.pdf,facts_5916ba4e485a.ttl,extracted
22,paper-0340,extraction_papers/paper-0340_hybrid_fault_prognosis_using_health_index_fusion.pdf,facts_524e1be52051.ttl,extracted
23,paper-0343,extraction_papers/paper-0343_identification_model_of_distribution_equipment_insulation_aging_enhancement_based_on_scada_k.pdf,facts_b069352153b8.ttl,extracted
24,paper-0346,extraction_papers/paper-0346_a_unified_framework_combining_tsa_cwt_sk_vmd_and_transformers_for_multi_label_gearbox_diagno.pdf,facts_db4017381234.ttl,extracted
25,paper-0347,extraction_papers/paper-0347_construction_and_research_of_a_data_driven_model_for_early_fault_detection_in_rotating_machi.pdf,facts_4b85cdf3b014.ttl,extracted
26,paper-0348,extraction_papers/paper-0348_a_serverless_automated_mlops_framework_for_scalable_industrial_predictive_maintenance.pdf,facts_5d3a0c7776f1.ttl,extracted
27,paper-0352,extraction_papers/paper-0352_proactive_engine_maintenance_in_aviation_using_data_driven_remaining_useful_life_estimation.pdf,facts_efa87c7b41b2.ttl,extracted
28,paper-0355,extraction_papers/paper-0355_enhanced_remaining_useful_life_prediction_of_lithium_ion_battery_based_on_a_dual_attention_h.pdf,facts_d65633e07130.ttl,extracted
29,paper-0357,extraction_papers/paper-0357_numerical_and_acoustic_investigation_of_cavitation_phenomena_in_centrifugal_hydraulic_pumps.pdf,facts_afa13d08ad1f.ttl,extracted
30,paper-0359,extraction_papers/paper-0359_engine_remaining_useful_life_prediction_method_based_on_deep_residual_network_and_attention.pdf,facts_6ae9f9262bd0.ttl,extracted
31,paper-0361,extraction_papers/paper-0361_tabeng_qlora_criticality_aware_tabular_to_text_adaptation_of_large_language_models_via_salie.pdf,facts_99607645a252.ttl,extracted
32,paper-0363,extraction_papers/paper-0363_prediction_of_the_remaining_useful_life_of_lithium_ion_batteries_based_on_health_features_ex.pdf,facts_71c28b6582e1.ttl,extracted
33,paper-0365,extraction_papers/paper-0365_turbofan_engine_remaining_useful_life_prediction_with_reliable_prediction_intervals_via_lstm.pdf,facts_4500579a6de3.ttl,extracted
34,paper-0366,extraction_papers/paper-0366_anomaly_characterization_for_the_condition_monitoring_of_rotating_shafts_exploiting_data_fus.pdf,facts_d47e94f453f3.ttl,extracted
35,paper-0370,extraction_papers/paper-0370_soiling_status_detection_in_photovoltaic_energy_systems_using_machine_learning_and_weather_d.pdf,facts_ca0301374e51.ttl,extracted
36,paper-0373,extraction_papers/paper-0373_fault_prediction_method_of_boost_converter_based_on_multi_modal_components_and_temporal_conv.pdf,facts_dd3e1f396fa8.ttl,extracted
37,paper-0374,extraction_papers/paper-0374_bridging_diagnostic_condition_monitoring_and_nvh_tonal_excitation_through_frequency_domain_s.pdf,facts_900a40a30ff4.ttl,extracted
38,paper-0375,extraction_papers/paper-0375_crack_propagation_mechanism_and_life_prediction_of_liner_under_thermal_fatigue_loads.pdf,facts_391d81ab140b.ttl,extracted
39,paper-0378,extraction_papers/paper-0378_intelligent_information_fusion_for_safety_critical_icing_detection_via_machine_learning_and.pdf,facts_3cb79521fe2c.ttl,extracted
40,paper-0380,extraction_papers/paper-0380_enhanced_temporal_convolutional_network_based_approach_for_degradation_prediction_of_reverse.pdf,facts_48359801c85a.ttl,extracted
41,paper-0383,extraction_papers/paper-0383_application_of_infrared_thermography_on_bus_air_compressor_units_for_preventive_fault_detect.pdf,facts_3252fa8ca6bb.ttl,extracted
42,paper-0386,extraction_papers/paper-0386_spatio_temporal_joint_network_for_coupler_anomaly_detection_under_complex_working_conditions.pdf,facts_a6d1d2f03a02.ttl,extracted
43,paper-0387,extraction_papers/paper-0387_remaining_useful_life_prediction_and_early_warning_model_for_high_speed_railway_contact_syst.pdf,facts_171b435bdf9e.ttl,extracted
44,paper-0392,extraction_papers/paper-0392_performance_analysis_of_algorithms_for_treating_outliers_in_pdm_from_uavs.pdf,facts_8be8523cfa78.ttl,extracted
45,paper-0393,extraction_papers/paper-0393_laboratory_diagnostics_of_engine_oils_as_a_tool_for_identifying_mechanical_faults_and_suppor.pdf,facts_379d2a018523.ttl,extracted
46,paper-0396,extraction_papers/paper-0396_subway_door_fault_prediction_employing_stacking_ensemble_learning.pdf,facts_921333765975.ttl,extracted
47,paper-0398,extraction_papers/paper-0398_spht_lstm_a_novel_industrial_equipment_condition_prediction_method.pdf,facts_4a2c4d4e2396.ttl,extracted
48,paper-0400,extraction_papers/paper-0400_a_sparrow_search_algorithm_optimized_lstm_framework_with_emd_denoising_for_rolling_element_b.pdf,facts_aefd7037fa6c.ttl,extracted
49,paper-0402,extraction_papers/paper-0402_development_and_simulation_of_a_novel_mathematical_model_for_an_intelligent_tire_system_towa.pdf,facts_f3d29489b5d9.ttl,extracted
50,paper-0403,extraction_papers/paper-0403_proactive_fault_prediction_in_marine_diesel_engines_using_multivariate_machine_learning.pdf,facts_d223bbaa9246.ttl,extracted
51,paper-0405,extraction_papers/paper-0405_3d_railway_modelling_for_extending_the_remaining_useful_life_of_a_bogie.pdf,facts_164938fe194b.ttl,extracted
52,paper-0406,extraction_papers/paper-0406_research_on_the_diagnosis_of_abnormal_sound_defects_in_automobile_engines_based_on_fusion_of.pdf,facts_21f5994b1922.ttl,extracted
53,paper-0416,extraction_papers/paper-0416_thermal_intelligence_for_hydro_generators_data_driven_prediction_of_stator_winding_temperatu.pdf,facts_a62f445003bb.ttl,extracted
54,paper-0418,extraction_papers/paper-0418_predicting_stator_winding_short_circuit_faults_in_induction_motors_using_machine_learning_a.pdf,facts_fe823ec368d7.ttl,extracted
55,paper-0419,extraction_papers/paper-0419_early_fault_severity_prediction_in_digital_twin_enabled_industrial_systems_using_imbalance_a.pdf,facts_e1f936cbb7c2.ttl,extracted
56,paper-0423,extraction_papers/paper-0423_a_metric_driven_evaluation_framework_for_remaining_useful_life_prognosis_with_quantified_unc.pdf,facts_4c2b5277dd6e.ttl,extracted
57,paper-0424,extraction_papers/paper-0424_assessment_of_a_40_year_old_induction_motor_using_hybrid_diagnostic_and_ai_based_predictive.pdf,facts_62dab09d68cc.ttl,extracted
58,paper-0428,extraction_papers/paper-0428_physiochemical_properties_investigation_of_thermal_moisture_aged_low_voltage_pvc_cable_insul.pdf,facts_1de7d146cbcc.ttl,extracted
59,paper-0436,extraction_papers/paper-0436_proactive_inspection_through_interpretable_online_degradation_monitoring_for_heavy_duty_ev_b.pdf,facts_eca56b4f9e43.ttl,extracted
60,paper-0439,extraction_papers/paper-0439_start_stop_cycle_induced_failure_mode_transition_in_sofc_powered_northern_sea_route_shipping.pdf,facts_637e0c3b555e.ttl,extracted
61,paper-0441,extraction_papers/paper-0441_an_mmc_based_fracture_failure_assessment_framework_for_in_service_x80_pipelines_with_circumf.pdf,facts_7a3780152090.ttl,extracted
62,paper-0442,extraction_papers/paper-0442_multi_scale_entropy_analysis_of_acoustic_emission_for_gearbox_fault_severity_classification.pdf,facts_6aa0b4e055d0.ttl,extracted
63,paper-0444,extraction_papers/paper-0444_neural_network_based_submodule_capacitance_monitoring_in_modular_multilevel_converters_for_r.pdf,facts_08257ce5150f.ttl,extracted
64,paper-0446,extraction_papers/paper-0446_incorporating_time_dependence_into_a_fault_signature_matrix_to_support_root_cause_identifica.pdf,facts_6b1c61beca3a.ttl,extracted
65,paper-0449,extraction_papers/paper-0449_graph_neural_network_based_remaining_useful_life_prediction_of_milling_tools_using_multi_sen.pdf,facts_b5253f7fedd3.ttl,extracted
66,paper-0452,extraction_papers/paper-0452_remaining_useful_life_prediction_for_lithium_ion_batteries_based_on_a_deep_mixed_effect_gaus.pdf,facts_8bf2b83a7f38.ttl,extracted
67,paper-0457,extraction_papers/paper-0457_monitoring_the_condition_of_city_bus_engines_by_analysing_used_oil_using_pca_and_k_means_clu.pdf,facts_0e472e57d26e.ttl,extracted
68,paper-0464,extraction_papers/paper-0464_physics_informed_domain_adaptation_for_stator_inter_turn_short_circuit_diagnosis_in_synchron.pdf,facts_6dd218ab4d5b.ttl,extracted
69,paper-0466,extraction_papers/paper-0466_fault_diagnosis_of_wind_turbine_gearboxes_based_on_svm_feature_selection_and_cgan_data_augme.pdf,facts_29f76b527a2b.ttl,extracted
70,paper-0471,extraction_papers/paper-0471_motion_characteristics_and_defect_diagnosis_of_metallic_particles_in_gis_gil.pdf,facts_3ee28dd4f49f.ttl,extracted
71,paper-0473,extraction_papers/paper-0473_adaptive_machine_learning_models_for_predictive_maintenance_in_industrial_internet_of_things.pdf,facts_5df129db58e0.ttl,extracted
72,paper-0474,extraction_papers/paper-0474_data_driven_health_prognostics_of_nmc_lithium_ion_batteries_via_impedance_spectroscopy_using.pdf,facts_3802ef04d008.ttl,extracted
73,paper-0477,extraction_papers/paper-0477_aiot_methodology_for_retrofitting_aeronautical_manufacturing_systems.pdf,facts_6e6418007fcd.ttl,extracted
74,paper-0478,extraction_papers/paper-0478_enabling_predictive_maintenance_in_district_heating_substations_a_labelled_dataset_and_fault.pdf,facts_b1a4fd9a1f86.ttl,extracted
75,paper-0481,extraction_papers/paper-0481_a_novel_generalized_beamforming_layer_set_for_deep_learning_based_acoustic_cavitation_detect.pdf,facts_bb4a9d52e9cc.ttl,extracted
76,paper-0483,extraction_papers/paper-0483_early_prediction_of_lithium_ion_battery_degradation_with_a_generative_pre_trained_transforme.pdf,facts_20954c1af19d.ttl,extracted
77,paper-0486,extraction_papers/paper-0486_cloud_based_collaborative_cnc_manufacturing_framework_integrating_tool_wear_monitoring_and_s.pdf,facts_c8a1ceca6e88.ttl,extracted
78,paper-0489,extraction_papers/paper-0489_xgboost_for_multi_fault_diagnosis_and_prediction_in_permanent_magnet_synchronous_machines.pdf,facts_785cde2f910d.ttl,extracted
79,paper-0491,extraction_papers/paper-0491_experimental_comparative_evaluation_of_machine_learning_methods_for_early_multi_fault_detect.pdf,facts_35eebb7b7afe.ttl,extracted
80,paper-0501,extraction_papers/paper-0501_a_simple_comparative_study_on_the_effectiveness_of_bearing_fault_detection_using_different_s.pdf,facts_66cb6db76cd9.ttl,extracted
81,paper-0502,extraction_papers/paper-0502_digital_twin_based_predictive_maintenance_in_cold_chain_logistics.pdf,facts_2db1655d31a6.ttl,extracted
82,paper-0509,extraction_papers/paper-0509_a_fault_detection_model_for_predictive_maintenance_of_a_wind_turbine_based_on_a_hybrid_deep.pdf,facts_b620da22ab4a.ttl,extracted
83,paper-0510,extraction_papers/paper-0510_predictive_maintenance_of_mining_centrifuges_using_machine_learning_and_deep_learning_models.pdf,facts_ee072a2a59e7.ttl,extracted
84,paper-0512,extraction_papers/paper-0512_stability_analysis_and_fault_diagnosis_of_all_terrain_crane_boom_with_geometric_defects.pdf,facts_7abbed652c1a.ttl,extracted
85,paper-0513,extraction_papers/paper-0513_energy_efficient_cooling_system_control_in_ship_engine_rooms_using_an_intelligent_integrated.pdf,facts_74f5576c5a23.ttl,extracted
86,paper-0517,extraction_papers/paper-0517_system_and_system_of_systems_digital_twins_for_predictive_maintenance_and_root_cause_analysi.pdf,facts_eb27293fafa8.ttl,extracted
87,paper-0518,extraction_papers/paper-0518_fuzzy_comprehensive_state_evaluation_method_of_filter_circuit_breaker_based_on_field_operati.pdf,facts_c5900afb9e1d.ttl,extracted
88,paper-0520,extraction_papers/paper-0520_analysis_of_3d_printed_cycloidal_gear_degradation_in_a_run_to_failure_test.pdf,facts_78b720ca0af2.ttl,extracted
89,paper-0523,extraction_papers/paper-0523_remaining_useful_life_prediction_of_milling_tool_based_on_improved_pso_multiam_bilstm.pdf,facts_b52ac2844669.ttl,extracted
90,paper-0524,extraction_papers/paper-0524_state_of_health_prediction_method_for_the_gas_turbine_aero_engine_fuel_metering_units_based.pdf,facts_3e441c612946.ttl,extracted
91,paper-0527,extraction_papers/paper-0527_simultaneous_estimation_of_state_of_health_and_remaining_useful_life_for_lithium_ion_batteri.pdf,facts_6d107013e4f7.ttl,extracted
92,paper-0529,extraction_papers/paper-0529_the_relationship_between_breakdowns_and_production_and_the_detection_of_breakdown_units_in_m.pdf,facts_ec9d7ee0695a.ttl,extracted
93,paper-0531,extraction_papers/paper-0531_pi_fsl_physics_informed_few_shot_domain_adaptation_for_robust_cross_domain_condition_monitor.pdf,facts_992561995723.ttl,extracted
94,paper-0532,extraction_papers/paper-0532_a_battery_cycle_level_rul_estimation_method_based_on_multi_domain_features_and_an_mcas_guide.pdf,facts_714558e87c38.ttl,extracted
95,paper-0533,extraction_papers/paper-0533_an_iot_based_predictive_maintenance_framework_using_a_hybrid_deep_learning_model_for_smart_i.pdf,facts_1d50f4186005.ttl,extracted
96,paper-0536,extraction_papers/paper-0536_an_ensemble_lstm_based_framework_for_improved_prognostics_and_health_management_of_milling_m.pdf,facts_bb4b255b87cd.ttl,extracted
97,paper-0537,extraction_papers/paper-0537_intelligent_condition_monitoring_of_power_cables_using_advanced_machine_learning_models.pdf,facts_17cd6a7ce0d1.ttl,extracted
98,paper-0540,extraction_papers/paper-0540_non_destructive_assessment_of_gamma_radiation_aging_in_nuclear_cables_via_new_dielectric_spe.pdf,facts_4aaf385d813e.ttl,extracted
99,paper-0541,extraction_papers/paper-0541_dynamic_maintenance_optimization_of_the_ds306_detacher_a_preventive_approach_and_operational.pdf,facts_d4b1cbe7a461.ttl,extracted
100,paper-0542,extraction_papers/paper-0542_multiple_synergistic_degradation_parameter_identification_of_pem_fuel_cells_utilizing_threat.pdf,facts_b4901083c4ab.ttl,extracted
101,paper-0543,extraction_papers/paper-0543_deep_learning_based_detection_and_forecasting_of_performance_losses_in_solar_pv_systems_usin.pdf,facts_788697cf9291.ttl,extracted
102,paper-0545,extraction_papers/paper-0545_an_intelligent_predictive_maintenance_architecture_for_substation_automation_real_world_vali.pdf,facts_4e1d1324fb3b.ttl,extracted
103,paper-0546,extraction_papers/paper-0546_an_intelligent_condition_monitoring_framework_for_alkaline_water_electrolyzers_based_on_hybr.pdf,facts_721084846ae4.ttl,extracted
104,paper-0547,extraction_papers/paper-0547_a_low_cost_predictive_maintenance_system_for_co2_laser_cutting_machines_based_on_multi_senso.pdf,facts_51ae31472afe.ttl,extracted
105,paper-0548,extraction_papers/paper-0548_study_on_methods_and_a_system_for_real_time_monitoring_of_the_remaining_useful_life_of_a_mil.pdf,facts_1649303d03f5.ttl,extracted
106,paper-0550,extraction_papers/paper-0550_a_novel_hierarchical_temporal_graph_physics_guided_fusion_network_for_predictive_fault_diagn.pdf,facts_e4559ba11228.ttl,extracted
107,paper-0552,extraction_papers/paper-0552_optimizing_inspection_and_maintenance_decisions_in_degrading_systems_with_quality_loss.pdf,facts_fe104b30a598.ttl,extracted
108,paper-0557,extraction_papers/paper-0557_federated_learning_for_critical_electrical_infrastructure_handling_data_heterogeneity_for_pr.pdf,facts_64c976727af8.ttl,extracted
109,paper-0561,extraction_papers/paper-0561_algorithmic_approach_to_prescriptive_maintenance_in_industry_4_0.pdf,facts_7055937a9b67.ttl,extracted
110,paper-0562,extraction_papers/paper-0562_robust_baselines_and_probability_calibration_for_tpm_oriented_predictive_maintenance.pdf,facts_901c2b998e10.ttl,extracted
111,paper-0563,extraction_papers/paper-0563_health_state_prediction_with_reinforcement_learning_for_predictive_maintenance.pdf,facts_16259bb8b181.ttl,extracted
112,paper-0565,extraction_papers/paper-0565_an_edge_intelligent_predictive_maintenance_system_for_underwater_data_centers_using_multi_do.pdf,facts_e833bddd39db.ttl,extracted
113,paper-0566,extraction_papers/paper-0566_towards_self_diagnostic_solar_farms_leveraging_efficientnet_and_class_activation_mapping_for.pdf,facts_f1087603d349.ttl,extracted
114,paper-0567,extraction_papers/paper-0567_a_framework_for_integrated_maintenance_of_a_multi_robot_packaging_workcell.pdf,facts_f1ee42d74e0f.ttl,extracted
115,paper-0568,extraction_papers/paper-0568_high_frequency_ultrasonic_condition_monitoring_framework_based_on_edge_computing_and_telemet.pdf,facts_1be481d41400.ttl,extracted
116,paper-0570,extraction_papers/paper-0570_deriving_occurrence_variability_in_fatigue_critical_turning_manoeuvres_for_landing_gear_desi.pdf,facts_ee0a75e61d45.ttl,extracted
117,paper-0573,extraction_papers/paper-0573_machine_learning_for_covariate_driven_changes_in_weibull_scale_parameter.pdf,facts_10262fb0fde1.ttl,extracted
118,paper-0576,extraction_papers/paper-0576_temporal_domain_vibration_fault_diagnosis_of_drone_blades_via_selective_embedding.pdf,facts_47a1cd33622c.ttl,extracted
119,paper-0577,extraction_papers/paper-0577_effects_of_window_and_batch_size_on_autoencoder_lstm_models_for_remaining_useful_life_predic.pdf,facts_46c71e5bf327.ttl,extracted
120,paper-0580,extraction_papers/paper-0580_from_reactive_to_resilient_a_hybrid_digital_twin_and_deep_learning_framework_for_mining_oper.pdf,facts_47acb7bbbb9d.ttl,extracted
121,paper-0583,extraction_papers/paper-0583_a_novel_lithium_ion_battery_remaining_useful_life_prediction_method_by_learning_wiener_proce.pdf,facts_d523cf136b65.ttl,extracted
122,paper-0584,extraction_papers/paper-0584_performance_of_a_newly_developed_hybrid_apo_pso_metaheuristic_for_monitoring_of_intelligent.pdf,facts_d2bdc8b855bd.ttl,extracted
123,paper-0586,extraction_papers/paper-0586_aging_feature_extraction_method_based_on_the_short_axis_diameter_ratio_of_serviced_rubber_st.pdf,facts_805197904a75.ttl,extracted
124,paper-0588,extraction_papers/paper-0588_linearity_analysis_of_a_brushed_dc_machine_thermal_system_in_response_to_speed_input_using_t.pdf,facts_24ff1d69286e.ttl,extracted
125,paper-0590,extraction_papers/paper-0590_data_driven_condition_monitoring_and_predictive_maintenance_of_pulse_type_pneumatic_conveyin.pdf,facts_78bbe354e88e.ttl,extracted
126,paper-0591,extraction_papers/paper-0591_robust_hmm_based_remaining_useful_life_estimation_using_a_ridge_regularized_em_algorithm.pdf,facts_2cbf6784d2e3.ttl,extracted
127,paper-0592,extraction_papers/paper-0592_federated_predictive_maintenance_with_nasa_bp930_satellite_battery_in_industry_5_0.pdf,facts_7e88c7bdae86.ttl,extracted
128,paper-0593,extraction_papers/paper-0593_clarke_domain_dyadic_wavelet_denoising_for_three_phase_induction_motor_current_signals.pdf,facts_6ae388cde46e.ttl,extracted
129,paper-0596,extraction_papers/paper-0596_condition_adaptive_cnn_with_spatiotemporal_fusion_for_enhanced_motor_fault_diagnosis.pdf,facts_c5ad36209254.ttl,extracted
130,paper-0597,extraction_papers/paper-0597_proposing_surge_arrester_monitoring_indicators_and_their_evaluation_using_correlation_coeffi.pdf,facts_0593a9919b79.ttl,extracted
131,paper-0598,extraction_papers/paper-0598_botdr_monitoring_of_tensile_state_in_three_core_fiber_optic_composite_submarine_cables_with.pdf,facts_dbd86d76e868.ttl,extracted
132,paper-0599,extraction_papers/paper-0599_early_anomaly_detection_in_maritime_refrigerated_containers_using_a_hybrid_digital_twin_and.pdf,facts_c7bd55c45a5a.ttl,extracted
133,paper-0600,extraction_papers/paper-0600_data_driven_joint_optimization_of_maintenance_and_spare_parts_provisioning_a_distributionall.pdf,facts_1dfb91166b11.ttl,extracted
134,paper-0602,extraction_papers/paper-0602_hybrid_ai_and_llm_enabled_agent_based_real_time_decision_support_architecture_for_industrial.pdf,facts_a81ff79a11ef.ttl,extracted
135,paper-0605,extraction_papers/paper-0605_convolutional_autoencoder_based_method_for_predicting_faults_of_cyber_physical_systems_based.pdf,facts_b846be1d3f07.ttl,extracted
136,paper-0606,extraction_papers/paper-0606_identification_of_abnormal_conditions_in_induction_motors_from_current_spectrum_images_using.pdf,facts_dac4dd71236c.ttl,extracted
137,paper-0607,extraction_papers/paper-0607_ai_based_predictive_maintenance_for_rotor_crack_fault_diagnosis_for_variable_speed_machines.pdf,facts_5ca74d3ffe1e.ttl,extracted
138,paper-0610,extraction_papers/paper-0610_comparative_analysis_of_classical_machine_learning_models_for_predictive_maintenance_in_the.pdf,facts_6fbfec565444.ttl,extracted
139,paper-0611,extraction_papers/paper-0611_an_agentic_artificial_intelligence_observer_for_predictive_maintenance_in_electrolysers.pdf,facts_e51292722a24.ttl,extracted
140,paper-0615,extraction_papers/paper-0615_robust_incipient_fault_diagnosis_of_rolling_element_bearings_under_small_sample_conditions_u.pdf,facts_159a8af82084.ttl,extracted
141,paper-0616,extraction_papers/paper-0616_ai_driven_predictive_maintenance_bayesian_reliability_assessment_and_xgboost_for_smart_indus.pdf,facts_13e24977c6b6.ttl,extracted
142,paper-0617,extraction_papers/paper-0617_data_driven_predictive_maintenance_for_aircraft_components_through_sparse_event_logs.pdf,facts_4d434709444d.ttl,extracted
143,paper-0618,extraction_papers/paper-0618_trustworthy_predictive_maintenance_in_smart_manufacturing_using_neutrosophic_reasoning_appro.pdf,facts_733454952f0f.ttl,extracted
144,paper-0621,extraction_papers/paper-0621_enhanced_rotating_machinery_fault_diagnosis_using_hybrid_rbso_mrfo_adaptive_transformer_lstm.pdf,facts_c5d630726e73.ttl,extracted
145,paper-0623,extraction_papers/paper-0623_an_integrated_approach_to_condition_based_maintenance_decision_making_of_planetary_gearboxes.pdf,facts_957c792b7d1a.ttl,extracted
146,paper-0624,extraction_papers/paper-0624_a_smart_cloud_integrated_lstm_framework_for_transformer_fault_prediction_using_sequential_dg.pdf,facts_dbf84cdbb960.ttl,extracted
147,paper-0625,extraction_papers/paper-0625_a_two_stage_comparative_framework_for_predicting_photovoltaic_cleaning_schedules_modeling_an.pdf,facts_9e39f8703bdd.ttl,extracted
148,paper-0626,extraction_papers/paper-0626_monitoring_the_effect_of_runout_on_a_diamond_coated_burrs_wear_progression_with_acoustic_emi.pdf,facts_2087e3707b95.ttl,extracted
149,paper-0627,extraction_papers/paper-0627_an_attribute_driven_access_control_framework_based_on_smart_contracts_for_secure_collaborati.pdf,facts_570d0ba4227e.ttl,extracted
150,paper-0629,extraction_papers/paper-0629_predictive_maintenance_in_aircraft_engine_maintenance_using_the_c_mapss_dataset_performance.pdf,facts_3c088e509323.ttl,extracted
151,paper-0630,extraction_papers/paper-0630_intelligent_fault_detection_in_the_mechanical_structure_of_a_wheeled_mobile_robot.pdf,facts_ed0054f88224.ttl,extracted
152,paper-0632,extraction_papers/paper-0632_hybrid_hho_who_optimized_transformer_gru_model_for_advanced_failure_prediction_in_industrial.pdf,facts_6f785837148f.ttl,extracted
153,paper-0633,extraction_papers/paper-0633_yolov8n_alc_an_efficient_network_for_bolt_nut_fastener_detection_in_complex_substation_envir.pdf,facts_3ef3a4cd7be0.ttl,extracted
154,paper-0636,extraction_papers/paper-0636_a_matrix_statistics_aware_attention_mechanism_for_robust_rul_estimation_in_aero_engines.pdf,facts_369aa98c1873.ttl,extracted
155,paper-0641,extraction_papers/paper-0641_optimization_of_oil_production_using_sucker_rod_pumps_via_predictive_elimination_of_paraffin.pdf,facts_f0bc196d90b1.ttl,extracted
156,paper-0642,extraction_papers/paper-0642_a_hybrid_parallel_informer_lstm_framework_based_on_two_stage_decomposition_for_lithium_batte.pdf,facts_fbf5255fe1be.ttl,extracted
157,paper-0643,extraction_papers/paper-0643_cyclic_ratcheting_strain_driven_non_homogeneous_markov_framework_for_probabilistic_fatigue_a.pdf,facts_7659e72df266.ttl,extracted
158,paper-0647,extraction_papers/paper-0647_cross_condition_lithium_ion_battery_capacity_multi_variable_estimation_model_based_on_increm.pdf,facts_30228a3c2349.ttl,extracted
159,paper-0648,extraction_papers/paper-0648_ai_driven_hybrid_deep_learning_and_swarm_intelligence_for_predictive_maintenance_of_smart_ma.pdf,facts_da6f95eecb0b.ttl,extracted
160,paper-0649,extraction_papers/paper-0649_semi_supervised_and_unsupervised_learning_for_health_indicator_extraction_from_guided_waves.pdf,facts_1afce5a917c7.ttl,extracted
161,paper-0651,extraction_papers/paper-0651_risk_based_performance_optimization_of_mozzarella_cheese_processing_using_expert_judgement_p.pdf,facts_35ed82347e21.ttl,extracted
162,paper-0653,extraction_papers/paper-0653_a_disentangled_prototype_driven_continual_learning_framework_for_fault_diagnosis_of_cotton_h.pdf,facts_f013b39c73eb.ttl,extracted
163,paper-0657,extraction_papers/paper-0657_maintenance_modeling_for_a_multi_state_system_under_competing_failures_and_imperfect_repairs.pdf,facts_17792a3e16ba.ttl,extracted
164,paper-0658,extraction_papers/paper-0658_electromagnetic_analysis_of_double_rotor_direct_drive_permanent_magnet_generators_under_ecce.pdf,facts_673cbff3d812.ttl,extracted
165,paper-0662,extraction_papers/paper-0662_automatic_parameter_update_algorithm_for_regression_models_to_estimate_remaining_useful_life.pdf,facts_1dfe564c9a8c.ttl,extracted
166,paper-0667,extraction_papers/paper-0667_residual_life_prediction_of_progressive_failure_bearings_based_on_ngo_avmd_hybrid_domain_fea.pdf,facts_f62b45f91653.ttl,extracted
167,paper-0669,extraction_papers/paper-0669_fractional_long_range_dependence_model_for_remaining_useful_life_estimation_of_roller_bearin.pdf,facts_8329bdcb4b52.ttl,extracted
168,paper-0670,extraction_papers/paper-0670_support_vector_machine_and_k_means_clustering_for_advanced_wheel_flat_identification_a_compa.pdf,facts_b468c3c4b64a.ttl,extracted
169,paper-0672,extraction_papers/paper-0672_investigation_of_exponent_free_lstm_cells_for_virtual_sensing_applications.pdf,facts_184d608e1f84.ttl,extracted
170,paper-0673,extraction_papers/paper-0673_an_intelligent_support_method_for_the_formation_of_control_actions_in_proactive_management_o.pdf,facts_3c5b1b15be09.ttl,extracted
171,paper-0675,extraction_papers/paper-0675_multi_scale_feature_enhancement_for_gearbox_fault_diagnosis_under_variable_operating_conditi.pdf,facts_ec1fe9ef17bb.ttl,extracted
172,paper-0678,extraction_papers/paper-0678_remaining_useful_life_prediction_of_rolling_bearings_via_wavelet_feature_fusion_and_lstm_net.pdf,facts_2cfb118e9d92.ttl,extracted
173,paper-0679,extraction_papers/paper-0679_a_finite_horizon_condition_based_maintenance_and_spare_parts_ordering_policy_for_a_two_unit.pdf,facts_e2f2354dbf9d.ttl,extracted
174,paper-0681,extraction_papers/paper-0681_state_space_estimation_in_discriminant_subspace_a_kalman_filtering_approach_for_turbofan_eng.pdf,facts_f8c14a9dd235.ttl,extracted
175,paper-0682,extraction_papers/paper-0682_sensor_driven_predictive_vehicle_maintenance_and_routing_problem_with_time_windows.pdf,facts_ababe52429c3.ttl,extracted
176,paper-0684,extraction_papers/paper-0684_a_small_sample_fault_diagnosis_method_for_high_voltage_circuit_breaker_spring_mechanisms_bas.pdf,facts_d0fbf5e6b909.ttl,extracted
177,paper-0686,extraction_papers/paper-0686_bayesian_gaussian_mixture_model_classifier_for_fault_detection_in_induction_motors_using_sta.pdf,facts_2b6e75ab029f.ttl,extracted
178,paper-0693,extraction_papers/paper-0693_in_situ_detection_of_fouling_in_crossflow_filtration_using_3_sensing.pdf,facts_3bcaccb87e71.ttl,extracted
179,paper-0698,extraction_papers/paper-0698_hvac_smart_predictive_maintenance_using_machine_learning_and_bayesian_network.pdf,facts_8f6fbb01e775.ttl,extracted
180,paper-0702,extraction_papers/paper-0702_deep_learning_based_visual_analytics_for_efficiency_and_safety_optimization_in_power_infrast.pdf,facts_e454f7446f6b.ttl,extracted
181,paper-0704,extraction_papers/paper-0704_marine_engine_cylinder_exhaust_temperature_prediction_based_on_pso_optimized_cnn_lstm_attent.pdf,facts_56c24a4b2483.ttl,extracted
182,paper-0706,extraction_papers/paper-0706_condition_monitoring_model_development_for_belt_systems_using_hybrid_cnn_bilstm_deep_learnin.pdf,facts_f34d0afa1e71.ttl,extracted
183,paper-0708,extraction_papers/paper-0708_a_periodic_fractional_wiener_process_for_remaining_useful_life_prediction_of_photovoltaic_sy.pdf,facts_f825989f2ec1.ttl,extracted
184,paper-0709,extraction_papers/paper-0709_rul_prediction_method_for_tools_based_on_multi_channel_cnn_and_cross_modal_transformer.pdf,facts_70f53c87c69c.ttl,extracted
185,paper-0711,extraction_papers/paper-0711_ensemble_learning_based_battery_health_estimation_a_comparative_study_of_rul_soc_and_soh_pre.pdf,facts_9ae8c7096b85.ttl,extracted
186,paper-0712,extraction_papers/paper-0712_deep_learning_based_power_transformer_condition_monitoring_and_fault_diagnosis_algorithm.pdf,facts_b6cf69d1677f.ttl,extracted_after_sanitized_retry
187,paper-0713,extraction_papers/paper-0713_experimental_investigation_and_vibration_based_condition_analysis_for_varying_load_of_gear_b.pdf,facts_f7eae092b413.ttl,extracted
188,paper-0714,extraction_papers/paper-0714_from_reliability_modelling_to_cognitive_orchestration_a_paradigm_shift_in_aircraft_predictiv.pdf,facts_13a2395c2081.ttl,extracted
189,paper-0715,extraction_papers/paper-0715_integration_of_numerical_and_experimental_methods_to_improve_the_safety_of_working_machines.pdf,facts_eeaa3f923a63.ttl,extracted
190,paper-0716,extraction_papers/paper-0716_from_blade_loads_to_rotor_health_an_inverse_modelling_approach_for_wind_turbine_monitoring.pdf,facts_1996f16e00b3.ttl,extracted
191,paper-0719,extraction_papers/paper-0719_smart_predictive_maintenance_a_tcn_based_system_for_early_fault_detection_in_industrial_mach.pdf,facts_4cfe55c1f5ef.ttl,extracted
192,paper-0720,extraction_papers/paper-0720_modern_data_driven_strategies_for_enhancing_reliability_and_efficiency_in_predictive_mainten.pdf,facts_cde5a3fb156d.ttl,extracted
193,paper-0722,extraction_papers/paper-0722_evaluating_reconstruction_based_and_proximity_based_methods_a_four_way_comparison_ae_lstm_ae.pdf,facts_0cf575569a46.ttl,extracted
194,paper-0724,extraction_papers/paper-0724_improved_cnn_lstm_bearing_remaining_useful_life_prediction_based_on_the_weibull_loss_functio.pdf,facts_3646b6f83eec.ttl,extracted
195,paper-0725,extraction_papers/paper-0725_an_ai_digital_platform_for_fault_diagnosis_and_rul_estimation_in_drivetrain_systems_under_va.pdf,facts_db4c36817c48.ttl,extracted
196,paper-0726,extraction_papers/paper-0726_predictive_repair_of_vehicle_r1234yf_refrigerant_systems_based_on_monitoring_of_micro_leakag.pdf,facts_e2b1d882f32b.ttl,extracted
197,paper-0728,extraction_papers/paper-0728_trend_prediction_of_distribution_network_fault_symptoms_based_on_xlstm_informer_fusion_model.pdf,facts_edfb051dca2e.ttl,extracted
198,paper-0729,extraction_papers/paper-0729_shap_based_feature_selection_with_a_hybrid_convolutional_and_recurrent_deep_learning_framewo.pdf,facts_d1cdcadecd98.ttl,extracted
199,paper-0730,extraction_papers/paper-0730_single_frequency_impedance_monitoring_of_li_ion_18650_cells_for_battery_management_applicati.pdf,facts_44aad467543c.ttl,extracted
200,paper-0731,extraction_papers/paper-0731_machine_learning_enhanced_state_aware_health_assessment_of_industrial_assets_under_zero_labe.pdf,facts_3586d03d85ef.ttl,extracted
201,paper-0732,extraction_papers/paper-0732_vibration_based_bearing_fault_diagnosis_in_noisy_conditions_using_matrix_pencil_mean_frequen.pdf,facts_7da6df745dc5.ttl,extracted
202,paper-0733,extraction_papers/paper-0733_wind_turbine_fault_estimation_using_sliding_mode_observer_based_on_takagi_sugeno_fuzzy_model.pdf,facts_e55acaf01cc5.ttl,extracted
203,paper-0737,extraction_papers/paper-0737_printed_crack_detection_sensors_for_shm_based_on_direct_ink_write_additive_manufacturing.pdf,facts_24b4f118581d.ttl,extracted
204,paper-0738,extraction_papers/paper-0738_ai_applications_for_drone_of_things_in_the_power_sector.pdf,facts_695231da8662.ttl,extracted
205,paper-0741,extraction_papers/paper-0741_a_fine_tuning_deep_learning_framework_to_palliate_data_distribution_shift_effects_in_rotary.pdf,facts_ed31a7b35952.ttl,extracted
206,paper-0742,extraction_papers/paper-0742_design_of_a_wireless_monitoring_system_for_cooling_efficiency_of_grid_forming_svg.pdf,facts_7aeb85c6cf0b.ttl,extracted
207,paper-0747,extraction_papers/paper-0747_a_leakage_aware_and_reproducible_evaluation_framework_for_predictive_maintenance_classificat.pdf,facts_891b3ea550a0.ttl,extracted
208,paper-0749,extraction_papers/paper-0749_early_stage_damage_diagnosis_of_rolling_bearings_based_on_acoustic_emission_signals_interpre.pdf,facts_cd699842b395.ttl,extracted
209,paper-0750,extraction_papers/paper-0750_a_pre_activated_residual_parallel_convolutional_block_based_bigru_model_for_remaining_useful.pdf,facts_f2f6fe6c1c7b.ttl,extracted
210,paper-0751,extraction_papers/paper-0751_split_federated_learning_for_efficient_and_privacy_preserving_predictive_maintenance_in_reso.pdf,facts_e5a95337168b.ttl,extracted
211,paper-0752,extraction_papers/paper-0752_design_of_a_dual_chain_synchronization_monitoring_system_for_scraper_conveyors_based_on_magn.pdf,facts_4a304c34b75e.ttl,extracted
212,paper-0753,extraction_papers/paper-0753_mathematical_model_to_predict_vibration_behavior_of_lm6000_gas_turbines_at_musayyib_thermal.pdf,facts_c9f0c65295d5.ttl,extracted
213,paper-0754,extraction_papers/paper-0754_domain_adapted_explainability_for_machine_learning_predictions_of_rotodynamic_pump_degradati.pdf,facts_e1be51b0c534.ttl,extracted
214,paper-0757,extraction_papers/paper-0757_umap_and_k_means_based_degradation_condition_identification_for_switch_machines.pdf,facts_01ed610980f6.ttl,extracted
215,paper-0759,extraction_papers/paper-0759_predictive_maintenance_optimization_for_industrial_equipment_via_reliable_prognosis_and_risk.pdf,facts_0efdf6da33d6.ttl,extracted
216,paper-0761,extraction_papers/paper-0761_multi_level_short_circuit_fault_detection_in_induction_motors_using_deep_cnn_lstm_networks_f.pdf,facts_02fa479982bb.ttl,extracted
217,paper-0763,extraction_papers/paper-0763_hybrid_kolmogorov_arnold_and_xlstm_network_for_enhanced_rul_prediction_of_lithium_batteries.pdf,facts_b1ca20e0faf4.ttl,extracted
218,paper-0765,extraction_papers/paper-0765_resource_efficient_telemetry_based_condition_monitoring_with_digitally_configurable_dc_dc_co.pdf,facts_9b159fe947f5.ttl,extracted
219,paper-0769,extraction_papers/paper-0769_machine_learning_framework_for_fault_detection_and_diagnosis_in_rotating_machinery.pdf,facts_7b7d5c4dd1ba.ttl,extracted
220,paper-0771,extraction_papers/paper-0771_health_status_assessment_of_unmanned_aerial_vehicle_engine_based_on_ahp_enhancement_and_mult.pdf,facts_c39995eec18e.ttl,extracted
221,paper-0773,extraction_papers/paper-0773_assessment_of_insulation_aging_condition_for_dry_type_transformer_epoxy_resin_based_on_diele.pdf,facts_3b442c32918c.ttl,extracted
222,paper-0775,extraction_papers/paper-0775_development_of_a_physics_based_digital_twin_framework_for_a_3_mw_class_wind_turbine.pdf,facts_1489f1caf7d4.ttl,extracted
223,paper-0776,extraction_papers/paper-0776_a_moving_window_based_feature_extraction_method_for_gearbox_fault_detection_using_vibration.pdf,facts_eae1b40b21d7.ttl,extracted
224,paper-0779,extraction_papers/paper-0779_hybrid_deep_learning_for_predictive_maintenance_in_industrial_machinery_using_lstm_and_mlp_m.pdf,facts_83d39a85d59f.ttl,extracted
225,paper-0780,extraction_papers/paper-0780_unsupervised_feature_space_analysis_for_robust_motor_fault_diagnosis_under_varying_operating.pdf,facts_81e786de9dfb.ttl,extracted
226,paper-0782,extraction_papers/paper-0782_predictive_maintenance_in_pharma_manufacturing_challenges_and_strategic_directions.pdf,facts_2090c159abe1.ttl,extracted
227,paper-0783,extraction_papers/paper-0783_comparative_evaluation_of_yolo_and_transformer_based_models_for_photovoltaic_fault_detection.pdf,facts_9111fec121ac.ttl,extracted
228,paper-0789,extraction_papers/paper-0789_remaining_useful_life_prediction_of_electronic_power_components_based_on_a_hybrid_model_comb.pdf,facts_804c201052fc.ttl,extracted
229,paper-0790,extraction_papers/paper-0790_design_and_simulation_based_validation_of_an_embedded_acquisition_architecture_for_in_situ_p.pdf,facts_5b1cc3467d7a.ttl,extracted
230,paper-0791,extraction_papers/paper-0791_temporal_consistency_for_reliability_enhancement_in_correlation_based_time_frequency_domain.pdf,facts_2d91c598af4f.ttl,extracted
231,paper-0792,extraction_papers/paper-0792_optimal_maintenance_strategy_for_imperfect_manufacturing_system_considering_operational_avai.pdf,facts_1aa5b3e6f988.ttl,extracted
232,paper-0793,extraction_papers/paper-0793_vibration_based_wear_state_assessment_of_hopper_scales_a_coupled_dem_fem_approach.pdf,facts_c79730cbafdd.ttl,extracted
233,paper-0794,extraction_papers/paper-0794_research_on_edge_feature_extraction_methods_for_device_monitoring_based_on_cloud_edge_collab.pdf,facts_1d38dce714eb.ttl,extracted
234,paper-0795,extraction_papers/paper-0795_engine_failure_prediction_on_large_scale_cmapss_data_using_hybrid_feature_selection_and_imba.pdf,facts_a4a8eec7e361.ttl,extracted
235,paper-0798,extraction_papers/paper-0798_prediction_of_remaining_life_of_relay_protection_equipment_using_transformer_holt_model.pdf,facts_7ce8147528a3.ttl,extracted
236,paper-0799,extraction_papers/paper-0799_automated_structuring_and_analysis_of_unstructured_equipment_maintenance_text_data_in_manufa.pdf,facts_ff63b248f6b7.ttl,extracted
237,paper-0800,extraction_papers/paper-0800_integration_of_digital_twins_and_machine_learning_for_predictive_maintenance_using_apar_meth.pdf,facts_4d6301d8044f.ttl,extracted
238,paper-0802,extraction_papers/paper-0802_research_on_remaining_useful_life_prediction_of_equipment_based_on_digital_twins.pdf,facts_e2bdf9e84552.ttl,extracted
239,paper-0804,extraction_papers/paper-0804_an_intelligent_life_prediction_approach_employing_machine_learning_models_for_the_power_tran.pdf,facts_4501d16e33bc.ttl,extracted
240,paper-0805,extraction_papers/paper-0805_fires_in_urban_passenger_transport_vehicles_engine_case_study.pdf,facts_6284342b1ba8.ttl,extracted
241,paper-0808,extraction_papers/paper-0808_machine_learning_driven_predictive_maintenance_models_for_hydrogen_fuel_cell_systems_in_smar.pdf,facts_9533e9913740.ttl,extracted
242,paper-0810,extraction_papers/paper-0810_a_comparative_study_of_rqa_guided_attention_mechanisms_with_lstm_autoencoder_for_bearing_ano.pdf,facts_27df4a5e3a93.ttl,extracted
243,paper-0811,extraction_papers/paper-0811_early_remaining_useful_life_prediction_of_lithium_ion_batteries_based_on_a_hybrid_machine_le.pdf,facts_515756e1aadd.ttl,extracted
244,paper-0815,extraction_papers/paper-0815_a_hybrid_large_kernel_cnn_and_markov_feature_framework_for_remaining_useful_life_prediction.pdf,facts_1e7646977023.ttl,extracted
245,paper-0817,extraction_papers/paper-0817_coupling_model_and_early_stage_internal_short_circuits_fault_diagnosis_for_gel_electrolyte_l.pdf,facts_9bc3da5e3b19.ttl,extracted
246,paper-0818,extraction_papers/paper-0818_a_frequency_adaptive_feature_extraction_framework_for_bearing_remaining_useful_life_predicti.pdf,facts_6009f13f692f.ttl,extracted
247,paper-0819,extraction_papers/paper-0819_reliability_analysis_of_two_stage_nonlinear_phase_dependent_wiener_degradation_process.pdf,facts_f0313ba46488.ttl,extracted
248,paper-0820,extraction_papers/paper-0820_a_modular_and_integrated_on_board_system_for_freight_train_condition_monitoring_design_appro.pdf,facts_3c9ad7411517.ttl,extracted
249,paper-0821,extraction_papers/paper-0821_vibration_based_mechanical_fault_diagnosis_of_on_load_tap_changers_using_fuzzy_set_theory.pdf,facts_400bbf651a24.ttl,extracted
250,paper-0822,extraction_papers/paper-0822_remaining_life_prediction_of_lithium_ion_batteries_based_on_vmd_decomposition_and_cascaded_b.pdf,facts_036cad9d17bd.ttl,extracted
251,paper-0825,extraction_papers/paper-0825_from_hours_to_milliseconds_dual_horizon_fault_prediction_for_dynamic_wireless_ev_charging_vi.pdf,facts_8c4034ec538a.ttl,extracted
252,paper-0826,extraction_papers/paper-0826_prediction_of_the_remaining_useful_life_of_lithium_ion_batteries_based_on_the_optimized_ttao.pdf,facts_872943c34037.ttl,extracted
253,paper-0829,extraction_papers/paper-0829_rolling_bearing_remaining_useful_life_prediction_via_parameter_optimized_vmd_and_hybrid_tcn.pdf,facts_fc17fe9060c4.ttl,extracted
254,paper-0839,extraction_papers/paper-0839_artificial_neural_networks_for_predictive_maintenance_fault_prediction_in_belt_drive_systems.pdf,facts_5eeeb5d8e008.ttl,extracted
255,paper-0843,extraction_papers/paper-0843_a_hybrid_metaheuristic_and_deep_learning_framework_for_robust_predictive_maintenance_in_wind.pdf,facts_8462dbdc4a6a.ttl,extracted
256,paper-0844,extraction_papers/paper-0844_maximizing_uptime_of_the_aging_road_tanker_fleets_in_labor_shortages_and_economic_uncertaint.pdf,facts_b21b67fc8e43.ttl,extracted
257,paper-0846,extraction_papers/paper-0846_real_time_xr_maintenance_support_integrating_large_language_models_in_the_era_of_the_industr.pdf,facts_8a0548fc5770.ttl,extracted
258,paper-0848,extraction_papers/paper-0848_robust_energy_centric_machine_learning_assisted_fault_detection_diagnosis_an_extrusion_case.pdf,facts_6ce70958b289.ttl,extracted
259,paper-0853,extraction_papers/paper-0853_impact_of_internal_validation_protocols_on_predictive_maintenance_performance_in_biomedical.pdf,facts_4170e8a6f8ef.ttl,extracted
260,paper-0856,extraction_papers/paper-0856_remaining_useful_life_prediction_and_operation_optimization_of_offshore_electric_submersible.pdf,facts_c660cac33b68.ttl,extracted
261,paper-0857,extraction_papers/paper-0857_stochastic_differential_equation_based_dynamic_imperfect_maintenance_strategy_for_wind_turbi.pdf,facts_2f1204323191.ttl,extracted
262,paper-0859,extraction_papers/paper-0859_a_machine_learning_approach_for_bearing_fault_identification_using_ifwht_glcm_and_feature_ra.pdf,facts_3b389bcd8ccd.ttl,extracted
263,paper-0860,extraction_papers/paper-0860_remaining_useful_life_prediction_in_an_aerospace_engine_a_multivariable_fuzzy_time_series_cl.pdf,facts_426e03dc1501.ttl,extracted
264,paper-0861,extraction_papers/paper-0861_thermal_electrical_fusion_for_real_time_condition_monitoring_of_igbt_modules_in_transportati.pdf,facts_83891a4bc9b1.ttl,extracted
265,paper-0863,extraction_papers/paper-0863_ai_based_health_monitoring_for_class_i_induction_motors_in_data_scarce_environments_from_syn.pdf,facts_b9d7c30d5141.ttl,extracted
266,paper-0868,extraction_papers/paper-0868_persistence_based_absolute_relative_error_for_alarm_centric_monitoring_under_low_frequency_m.pdf,facts_972d28f8e6e8.ttl,extracted
267,paper-0869,extraction_papers/paper-0869_mathematical_modeling_of_operational_reliability_of_mine_lifting_equipment_based_on_censored.pdf,facts_2313ca9c6aa6.ttl,extracted
268,paper-0871,extraction_papers/paper-0871_eliminating_open_gears_in_spiral_classifiers_five_year_validation_of_reliability_and_economi.pdf,facts_bbe415e66758.ttl,extracted
269,paper-0874,extraction_papers/paper-0874_virtual_sensors_based_on_finite_element_method_balancing_accuracy_runtime_and_offline_effort.pdf,facts_f85dfc7490d0.ttl,extracted
270,paper-0875,extraction_papers/paper-0875_predictive_maintenance_mcp_an_open_source_framework_for_bridging_large_language_models_and_i.pdf,facts_a508bfac9c11.ttl,extracted
271,paper-0876,extraction_papers/paper-0876_industrial_deployment_of_a_decision_oriented_digital_twin_for_predictive_maintenance_of_a_re.pdf,facts_66514e3809a3.ttl,extracted
272,paper-0878,extraction_papers/paper-0878_an_artificial_neural_network_framework_for_automated_fault_diagnosis_in_industrial_dc_dc_con.pdf,facts_78291a971a19.ttl,extracted
273,paper-0883,extraction_papers/paper-0883_power_transformer_breathing_system_condition_monitoring_based_on_pressure_temperature_optica.pdf,facts_438feb0c3a8b.ttl,extracted
274,paper-0884,extraction_papers/paper-0884_a_unified_approach_for_ensemble_function_and_threshold_optimization_in_anomaly_based_failure.pdf,facts_a73e3cdb54b6.ttl,extracted
275,paper-0886,extraction_papers/paper-0886_integrated_approach_to_modelling_the_reliability_of_gears_in_ship_propulsion_systems.pdf,facts_9af920d91e9b.ttl,extracted
276,paper-0888,extraction_papers/paper-0888_fault_detection_and_monitoring_in_induction_machines_using_data_driven_model_drift_detection.pdf,facts_0c0922d4a23b.ttl,extracted
277,paper-0889,extraction_papers/paper-0889_research_on_engine_cooling_system_condition_monitoring_based_on_deep_digital_twin.pdf,facts_c7063fbd963c.ttl,extracted
278,paper-0891,extraction_papers/paper-0891_a_cost_aware_deep_learning_framework_for_gearbox_fault_detection_in_wind_turbines.pdf,facts_b655ceff2211.ttl,extracted
279,paper-0898,extraction_papers/paper-0898_two_stage_lightgbm_framework_for_cost_sensitive_prediction_of_impending_failures_of_componen.pdf,facts_d6a09466de9a.ttl,extracted
280,paper-0899,extraction_papers/paper-0899_analysis_and_adaptive_separation_of_igbt_switching_noise_in_pd_monitoring_of_flexible_hvdc_v.pdf,facts_ead5835a4af6.ttl,extracted
281,paper-0900,extraction_papers/paper-0900_rul_prediction_method_based_on_sequential_health_index_evaluation_with_multidimensional_coup.pdf,facts_4489dd6b61c6.ttl,extracted
282,paper-0901,extraction_papers/paper-0901_a_hydraulic_actuator_condition_monitoring_dataset_for_machine_learning.pdf,facts_23354065a3d2.ttl,extracted
283,paper-0903,extraction_papers/paper-0903_role_of_unified_namespace_uns_and_digital_twins_in_predictive_and_adaptive_industrial_system.pdf,facts_14d4842dceea.ttl,extracted
284,paper-0911,extraction_papers/paper-0911_prognostics_and_health_management_for_compressor_multi_actuator_energy_efficient_system_usin.pdf,facts_96c5ae04feb8.ttl,extracted
285,paper-0912,extraction_papers/paper-0912_smart_hybrid_maintenance_as_a_pathway_to_energy_efficient_manufacturing.pdf,facts_30ddca7feb40.ttl,extracted
286,paper-0913,extraction_papers/paper-0913_study_on_cumulative_effects_of_mechanical_forces_and_deformation_in_power_transformer_windin.pdf,facts_a18757173021.ttl,extracted
287,paper-0914,extraction_papers/paper-0914_a_signal_structure_priori_enhanced_deep_compressed_sensing_method_for_vibration_signals_and.pdf,facts_dd27fb45ad12.ttl,extracted
288,paper-0915,extraction_papers/paper-0915_induction_motor_simultaneous_fault_diagnosis_based_on_takagi_sugeno_models.pdf,facts_c9e70ae07243.ttl,extracted
289,paper-0918,extraction_papers/paper-0918_multiscale_investigation_on_fatigue_crack_growth_and_remaining_useful_life_of_bogie_frame_ma.pdf,facts_5bd770bbba76.ttl,extracted
290,paper-0919,extraction_papers/paper-0919_a_hybrid_driven_fault_diagnosis_method_for_railway_freight_car_braking_system.pdf,facts_5d06cd53f72d.ttl,extracted
291,paper-0921,extraction_papers/paper-0921_data_driven_fleet_optimization_using_ml_algorithms_and_a_decision_making_grid_framework.pdf,facts_869d03cdd61f.ttl,extracted
292,paper-0925,extraction_papers/paper-0925_development_and_long_term_operation_of_a_three_dimensional_displacement_monitoring_system_fo.pdf,facts_82116398e609.ttl,extracted
293,paper-0927,extraction_papers/paper-0927_explainable_ai_driven_quality_and_condition_monitoring_in_smart_manufacturing.pdf,facts_dca2f34b6176.ttl,extracted
294,paper-0929,extraction_papers/paper-0929_remaining_useful_life_prediction_of_binary_stochastic_degradation_equipment_based_on_mixed_c.pdf,facts_8055849c5344.ttl,extracted
295,paper-0932,extraction_papers/paper-0932_nonlinear_characterisation_of_wind_turbine_gearbox_vibration_dynamics_driven_by_inhomogeneou.pdf,facts_fa5793ba1e88.ttl,extracted
296,paper-0933,extraction_papers/paper-0933_remaining_useful_life_prediction_of_fracturing_truck_valve_bodies_based_on_the_cb2_rul_algor.pdf,facts_ef0dba915afc.ttl,extracted
297,paper-0934,extraction_papers/paper-0934_diagnostic_analytics_powered_by_iot_and_machine_learning_for_the_fault_evaluation_of_a_heavy.pdf,facts_eeef3f4263d6.ttl,extracted
298,paper-0938,extraction_papers/paper-0938_deep_learning_enhanced_fault_detection_and_localization_in_induction_motor_drives_a_resmlp_a.pdf,facts_7a165376264a.ttl,extracted
299,paper-0939,extraction_papers/paper-0939_predictive_maintenance_strategy_for_photovoltaic_power_systems_collaborative_optimization_of.pdf,facts_0274d4e4b6b4.ttl,extracted
300,paper-0941,extraction_papers/paper-0941_dynamically_weighted_spatiotemporal_fusion_for_deep_learning_based_prediction_of_eha_degrada.pdf,facts_419106279d06.ttl,extracted
301,paper-0942,extraction_papers/paper-0942_enhanced_engine_vibration_by_computer_vision_methods_for_predictive_maintenance_vibra_o_aume.pdf,facts_b63697539c38.ttl,extracted
302,paper-0943,extraction_papers/paper-0943_residual_value_predictive_lifetime_monitoring_of_power_converter_components_for_sustainable.pdf,facts_b32befcf6727.ttl,extracted
303,paper-0945,extraction_papers/paper-0945_isa_phm_a_standardized_format_for_storing_and_utilizing_meta_data_of_diagnostic_and_prognost.pdf,facts_e875e4d7dd8e.ttl,extracted
304,paper-0946,extraction_papers/paper-0946_integrated_reliability_modeling_and_maintenance_optimization_for_performance_enhancement_of.pdf,facts_b2646d73a753.ttl,extracted
305,paper-0950,extraction_papers/paper-0950_application_of_machine_learning_for_production_optimization_and_predictive_maintenance_in_an.pdf,facts_810133fe1e2a.ttl,extracted
306,paper-0951,extraction_papers/paper-0951_reliability_prediction_of_automotive_engines_integrating_mechanism_model.pdf,facts_b5382a2b8fb8.ttl,extracted
307,paper-0952,extraction_papers/paper-0952_experimental_analysis_of_the_acoustic_emission_waveforms_generated_by_friction_between_invol.pdf,facts_7a6f8131a906.ttl,extracted
308,paper-0953,extraction_papers/paper-0953_metaheuristic_based_machine_learning_models_for_accurate_battery_remaining_useful_life_predi.pdf,facts_96eb29ba0f72.ttl,extracted
309,paper-0954,extraction_papers/paper-0954_hyperscale_cascaded_transformer_net_based_framework_for_remaining_useful_life_prediction_of.pdf,facts_1850d37fbad4.ttl,extracted
310,paper-0957,extraction_papers/paper-0957_a_new_portable_smart_percussion_system_embedded_on_raspberry_pi_for_bolt_looseness_detection.pdf,facts_3d5d8a11e245.ttl,extracted
311,paper-0959,extraction_papers/paper-0959_temporal_attention_integrated_simulation_modelling_of_automotive_component_degradation_for_r.pdf,facts_22617f0051a2.ttl,extracted
312,paper-0960,extraction_papers/paper-0960_data_driven_defrost_on_demand_scheduling_in_reefer_ships_a_predictive_maintenance_framework.pdf,facts_ee9a7ea15be2.ttl,extracted
313,paper-0961,extraction_papers/paper-0961_a_physics_informed_ai_methodology_for_prognostics_and_health_management_of_complex_systems_u.pdf,facts_06390a092d7f.ttl,extracted
314,paper-0963,extraction_papers/paper-0963_vibration_based_fault_detection_in_induced_draft_fans_using_unsupervised_machine_learning_ap.pdf,facts_45a51c036a9d.ttl,extracted
315,paper-0965,extraction_papers/paper-0965_diagnosis_of_partial_discharge_in_high_voltage_potential_transformers_using_2d_scatter_plots.pdf,facts_65e8eae47311.ttl,extracted
316,paper-0967,extraction_papers/paper-0967_reliability_adaptive_control_of_aerospace_electromechanical_actuators_with_coupled_degradati.pdf,facts_8f7fd7a3e3e9.ttl,extracted
317,paper-0968,extraction_papers/paper-0968_differentiable_neural_search_architecture_with_zero_cost_metrics_for_insulator_fault_predict.pdf,facts_a05fcbe5829e.ttl,extracted
318,paper-0969,extraction_papers/paper-0969_explaining_system_level_prognostics_with_established_machine_learning_methods.pdf,facts_71fa2076b97e.ttl,extracted
319,paper-0972,extraction_papers/paper-0972_artificial_intelligence_driven_dynamic_optimization_for_predictive_maintenance_and_cybersecu.pdf,facts_3db8faecfca0.ttl,extracted
320,paper-0979,extraction_papers/paper-0979_a_novel_approach_for_motor_bearing_fault_detection_using_emd_based_denoising_and_detrended_f.pdf,facts_dd98d08b8f00.ttl,extracted
321,paper-0980,extraction_papers/paper-0980_aero_engine_remaining_useful_life_prediction_an_adaptive_method_for_individual_differences_o.pdf,facts_4a516f879096.ttl,extracted
322,paper-0982,extraction_papers/paper-0982_guided_ultrasound_horn_enhanced_fiber_bragg_grating_sensor_for_partial_discharge_detection_i.pdf,facts_96ec88c731fe.ttl,extracted
323,paper-0985,extraction_papers/paper-0985_deep_learning_for_gear_defect_diagnosis_and_wear_prediction_in_automotive_systems.pdf,facts_2904db2538a7.ttl,extracted
324,paper-0986,extraction_papers/paper-0986_multi_source_data_fusion_and_multi_task_physics_informed_transformer_for_power_transformer_f.pdf,facts_38f7a98014e5.ttl,extracted
325,paper-0987,extraction_papers/paper-0987_computer_aided_development_and_experimental_testing_of_a_multi_sensor_system_for_a_tilting_p.pdf,facts_1e54a6d33b60.ttl,extracted
326,paper-0988,extraction_papers/paper-0988_fuzzy_analytical_hierarchy_process_based_multi_criteria_decision_framework_for_risk_informed.pdf,facts_5675c51df0ec.ttl,extracted
327,paper-0989,extraction_papers/paper-0989_a_hybrid_optimization_model_for_transformer_fault_diagnosis_based_on_gas_classification.pdf,facts_f2b7ac179570.ttl,extracted
328,paper-0990,extraction_papers/paper-0990_thermal_degradation_diagnosis_of_ate_driver_boards_using_alt_derived_cumulative_degradation.pdf,facts_74edf159492a.ttl,extracted
329,paper-0994,extraction_papers/paper-0994_applying_bayesian_neural_networks_to_optimize_maintenance_logistics.pdf,facts_94e52b02a340.ttl,extracted
330,paper-0995,extraction_papers/paper-0995_application_of_virtual_sensing_to_an_outdoor_air_conditioning_compressor_unit.pdf,facts_d5aab2dd8b3c.ttl,extracted
331,paper-0996,extraction_papers/paper-0996_equipment_reliability_modeling_and_remaining_useful_life_prediction_based_on_bayesian_small.pdf,facts_1ef6273f524a.ttl,extracted
332,paper-0998,extraction_papers/paper-0998_a_hybrid_ensemble_based_intelligent_decision_framework_for_risk_aware_photovoltaic_panel_soi.pdf,facts_ae5cd89a88dd.ttl,extracted
333,paper-1001,extraction_papers/paper-1001_enhancing_predictive_maintenance_accuracy_for_rotary_machine_vibration_signals_with_xgboost.pdf,facts_69b1c98201d5.ttl,extracted
334,paper-1003,extraction_papers/paper-1003_enhancing_electric_vehicle_battery_lifespan_integrating_active_balancing_and_machine_learnin.pdf,facts_61f079413f04.ttl,extracted
335,paper-1008,extraction_papers/paper-1008_development_of_a_hardware_in_the_loop_framework_for_marine_engine_diagnostics_performance_ev.pdf,facts_cedb51cf5ade.ttl,extracted
336,paper-1009,extraction_papers/paper-1009_nonlinear_degradation_modeling_and_remaining_useful_life_prediction_for_electric_drive_syste.pdf,facts_7013b2f1bdc2.ttl,extracted
337,paper-1010,extraction_papers/paper-1010_a_reference_information_systems_architecture_for_collaborative_condition_monitoring.pdf,facts_8fbade113462.ttl,extracted
338,paper-1012,extraction_papers/paper-1012_reliability_prediction_method_for_onboard_atp_based_on_optimized_empirical_mode_decompositio.pdf,facts_207c2f61486e.ttl,extracted
339,paper-1014,extraction_papers/paper-1014_smart_print_management_using_predictive_analytics.pdf,facts_2881f791711d.ttl,extracted
340,paper-1018,extraction_papers/paper-1018_iceberg_model_as_a_digital_risk_twin_for_the_health_monitoring_of_complex_engineering_system.pdf,facts_4157d44cf5d5.ttl,extracted
341,paper-1019,extraction_papers/paper-1019_interpretable_ensemble_remaining_useful_life_prediction_enables_dynamic_maintenance_scheduli.pdf,facts_3db8aab0b0b7.ttl,extracted
342,paper-1021,extraction_papers/paper-1021_an_intelligent_signal_classification_framework_for_crack_detection_in_polymeric_materials_us.pdf,facts_6684c2f36c0b.ttl,extracted
343,paper-1024,extraction_papers/paper-1024_non_destructive_diagnostics_of_electric_parking_brake_modules_using_recurrence_analysis_of_p.pdf,facts_7aca4ae45d7c.ttl,extracted
344,paper-1025,extraction_papers/paper-1025_real_time_diagnosis_and_prediction_of_tool_wear_in_mechanical_machining_based_on_deep_learni.pdf,facts_1c251ba771a0.ttl,extracted
345,paper-1027,extraction_papers/paper-1027_an_am_cnn_bigru_network_with_spatiotemporal_feature_fusion_for_industrial_robot_predictive_m.pdf,facts_49e805f7c461.ttl,extracted
346,paper-1031,extraction_papers/paper-1031_order_components_extraction_of_wind_turbine_gearbox_main_shaft_based_on_set_joint_nlms_filte.pdf,facts_ff6c11b7abb1.ttl,extracted
347,paper-1032,extraction_papers/paper-1032_scada_driven_big_data_framework_for_fault_prediction_in_spiral_steel_pipe_manufacturing_usin.pdf,facts_862f28575276.ttl,extracted
348,paper-1033,extraction_papers/paper-1033_edge_temporal_digital_twin_network_for_sensor_driven_fault_detection_in_nuclear_power_system.pdf,facts_8a00dc329d3c.ttl,extracted
349,paper-1035,extraction_papers/paper-1035_methodology_for_assessing_the_condition_of_power_plant_units_using_digital_twin_models.pdf,facts_8dea69c5326e.ttl,extracted
350,paper-1036,extraction_papers/paper-1036_probabilistic_forecasting_of_weather_driven_faults_in_electricity_networks_a_flexible_approa.pdf,facts_76220d9772af.ttl,extracted
351,paper-1039,extraction_papers/paper-1039_digital_twin_based_lifecycle_methodology_for_ensuring_safety_of_npp_smr_i_c_systems.pdf,facts_a184e7607698.ttl,extracted
352,paper-1040,extraction_papers/paper-1040_symmetry_aware_bayesian_optimized_gaussian_process_regression_for_remaining_useful_life_pred.pdf,facts_02cb90b55b51.ttl,extracted
353,paper-1041,extraction_papers/paper-1041_development_of_an_experimental_test_stand_and_machine_learning_surrogate_models_for_capturin.pdf,facts_889b80e1b70b.ttl,extracted
354,paper-1042,extraction_papers/paper-1042_reinforcement_learning_driven_prescriptive_operation_and_maintenance_of_distributed_energy_s.pdf,facts_eccf53607080.ttl,extracted
355,paper-1044,extraction_papers/paper-1044_emissions_based_predictive_maintenance_framework_for_hybrid_electric_vehicles_using_laborato.pdf,facts_5ed3ebaec3da.ttl,extracted
356,paper-1045,extraction_papers/paper-1045_enhanced_spectral_analysis_approaches_for_predicting_critical_failures_in_lithium_ion_batter.pdf,facts_631b04194d08.ttl,extracted
357,paper-1046,extraction_papers/paper-1046_identification_and_evaluation_of_vibration_sources_from_experiments_on_laboratory_drilling_e.pdf,facts_5143bfea6398.ttl,extracted
358,paper-1049,extraction_papers/paper-1049_remaining_useful_life_modelling_with_an_escalator_health_condition_analytic_system.pdf,facts_29117213505d.ttl,extracted
359,paper-1050,extraction_papers/paper-1050_a_hierarchical_framework_leveraging_iiot_networks_iot_hub_and_device_twins_for_intelligent_i.pdf,facts_0e2936cf44a8.ttl,extracted
360,paper-1055,extraction_papers/paper-1055_lithium_ion_battery_charge_discharge_cycle_forecasting_using_lstm_neural_networks.pdf,facts_0569999cb923.ttl,extracted
361,paper-1056,extraction_papers/paper-1056_seasonal_and_predictive_analysis_of_transport_fleet_availability_and_reliability_using_long.pdf,facts_d418cd39b9d0.ttl,extracted
362,paper-1058,extraction_papers/paper-1058_distributed_vibration_sensing_for_identification_of_loose_connectors_in_coaxial_data_transmi.pdf,facts_fd8433d36a79.ttl,extracted
363,paper-1060,extraction_papers/paper-1060_combination_of_finite_element_spindle_model_with_drive_based_cutting_force_estimation_for_as.pdf,facts_d97b8789711a.ttl,extracted
364,paper-1061,extraction_papers/paper-1061_deep_bayesian_networks_for_failure_probability_estimation_in_biomedical_sensors.pdf,facts_12e4132d369b.ttl,extracted
365,paper-1062,extraction_papers/paper-1062_remaining_useful_life_prediction_of_lithium_batteries_based_on_transfer_learning_and_particl.pdf,facts_a9a96f2d7a18.ttl,extracted
366,paper-1064,extraction_papers/paper-1064_vibration_analysis_of_gear_tooth_for_fault_diagnosis_with_simulation.pdf,facts_282a78718eb1.ttl,extracted
367,paper-1066,extraction_papers/paper-1066_an_ensemble_voting_based_framework_for_maintenance_decision_support_in_mining_centrifuges.pdf,facts_750c337900f0.ttl,extracted
368,paper-1069,extraction_papers/paper-1069_remaining_useful_life_rul_control_of_controlled_systems_under_degradation.pdf,facts_e81a11cc92aa.ttl,extracted
369,paper-1070,extraction_papers/paper-1070_external_monitoring_system_for_battery_condition_and_state_of_health_of_lithium_ion_batterie.pdf,facts_c7c0f83a7b28.ttl,extracted
370,paper-1071,extraction_papers/paper-1071_particle_filter_based_localization_approach_for_pd_in_power_transformers.pdf,facts_f08fa7ff2465.ttl,extracted
371,paper-1073,extraction_papers/paper-1073_experimental_study_on_the_condition_monitoring_of_planetary_journal_bearings_in_wind_turbine.pdf,facts_9e371980cf3e.ttl,extracted
372,paper-1076,extraction_papers/paper-1076_noninvasive_radar_sensing_augmented_with_machine_learning_for_reliable_detection_of_motor_im.pdf,facts_cf6e72680499.ttl,extracted
373,paper-1078,extraction_papers/paper-1078_deep_learning_based_bearing_fault_classification_using_vibration_signals_under_variable_spee.pdf,facts_3816e4cb701a.ttl,extracted
374,paper-1079,extraction_papers/paper-1079_evaluating_the_data_imputation_impact_on_gradient_boosting_model_predictive_performance_in_s.pdf,facts_b024720ad691.ttl,extracted
375,paper-1083,extraction_papers/paper-1083_a_labview_based_fault_diagnosis_system_for_offshore_wind_turbine_planetary_gearboxes.pdf,facts_be51d3a57b91.ttl,extracted
376,paper-1085,extraction_papers/paper-1085_an_explainable_and_adaptive_anomaly_detection_method_for_multi_condition_monitoring_of_intel.pdf,facts_e5c1aa5c505b.ttl,extracted
377,paper-1087,extraction_papers/paper-1087_degradation_modeling_and_remaining_useful_life_prediction_for_electronic_device_under_multip.pdf,facts_c55bd7821f8d.ttl,extracted
378,paper-1088,extraction_papers/paper-1088_fault_prediction_methods_of_straddle_type_monorail_pantographs_based_on_multi_domain_feature.pdf,facts_4f1461718e7c.ttl,extracted
379,paper-1091,extraction_papers/paper-1091_a_hybrid_approach_for_lithium_ion_battery_remaining_useful_life_prediction_using_signal_deco.pdf,facts_605829bc47be.ttl,extracted
380,paper-1092,extraction_papers/paper-1092_application_of_continuous_wavelet_transform_and_convolutional_neural_networks_for_diagnostic.pdf,facts_d493073360b8.ttl,extracted
381,paper-1094,extraction_papers/paper-1094_a_hybrid_bayesian_ica_lstm_framework_for_unsupervised_like_anomaly_detection_in_rolling_elem.pdf,facts_88eda2ec8dcf.ttl,extracted
382,paper-1095,extraction_papers/paper-1095_fault_prediction_of_aircraft_engine_based_on_adaptive_hybrid_sampling_and_bilstm.pdf,facts_9f9f96a7d773.ttl,extracted
383,paper-1096,extraction_papers/paper-1096_mopidip_a_modular_real_time_pipeline_for_machinery_diagnosis_and_prognosis_based_on_deep_lea.pdf,facts_34747f2051b2.ttl,extracted
384,paper-1101,extraction_papers/paper-1101_decision_support_system_for_wind_farm_maintenance_using_robotic_agents.pdf,facts_fea44576911a.ttl,extracted
385,paper-1102,extraction_papers/paper-1102_development_of_rule_based_diagnostic_automation_technology_for_elevator_fault_diagnosis.pdf,facts_2188ec61f052.ttl,extracted
386,paper-1103,extraction_papers/paper-1103_distributed_optical_fiber_sensing_of_temperature_rise_during_110_kv_conductor_ground_wire_ic.pdf,facts_6a4a212ffbc9.ttl,extracted
387,paper-1105,extraction_papers/paper-1105_a_new_open_dataset_from_a_milling_process_data_for_classification_and_estimation_of_tool_lif.pdf,facts_9d3bfd1463ad.ttl,extracted
388,paper-1107,extraction_papers/paper-1107_improved_sand_cat_swarm_optimization_algorithm_assisted_graphsage_gru_for_remaining_useful_l.pdf,facts_25ab5d9cebe4.ttl,extracted
389,paper-1108,extraction_papers/paper-1108_fault_prediction_method_of_large_forging_press_based_on_a_multi_scale_and_multi_model_integr.pdf,facts_59f6521f639b.ttl,extracted
390,paper-1110,extraction_papers/paper-1110_optimizing_performance_of_equipment_fleets_under_dynamic_operating_conditions_generalizable.pdf,facts_fd1eedd089d5.ttl,extracted
391,paper-1115,extraction_papers/paper-1115_physics_informed_neural_network_based_noninvasive_lc_filter_parameter_estimation_in_inverter.pdf,facts_a82b03fbcab2.ttl,extracted
392,paper-1116,extraction_papers/paper-1116_enhancing_high_pressure_pulsation_test_bench_performance_a_machine_learning_approach_to_fail.pdf,facts_f313b1aa74f8.ttl,extracted
393,paper-1123,extraction_papers/paper-1123_intelligent_system_for_identification_of_parallel_misalignments_in_gears_of_the_worm_type_cr.pdf,facts_f52f31955818.ttl,extracted
394,paper-1126,extraction_papers/paper-1126_enhancing_wind_turbine_reliability_a_hybrid_state_space_and_generative_approach_to_scada_bas.pdf,facts_e4726e040ad7.ttl,extracted
395,paper-1129,extraction_papers/paper-1129_real_time_prognostics_of_the_positioning_shift_failure_for_wafer_handling_robot_arms_using_s.pdf,facts_258e3e8931aa.ttl,extracted
396,paper-1130,extraction_papers/paper-1130_advanced_assessment_of_membrane_fouling_in_seawater_reverse_osmosis_plants_using_permeate_qu.pdf,facts_66a60553def5.ttl,extracted
397,paper-1132,extraction_papers/paper-1132_hybrid_optimized_remaining_useful_life_prediction_framework_for_lithium_ion_batteries_with_l.pdf,facts_9a1b552552d6.ttl,extracted
398,paper-1141,extraction_papers/paper-1141_a_novel_detection_method_for_wheel_irregular_wear_using_stator_current_based_on_an_electrome.pdf,facts_789b744f30d5.ttl,extracted
399,paper-1143,extraction_papers/paper-1143_adaptive_dynamic_thresholds_for_unsupervised_joint_anomaly_detection_and_trend_prediction.pdf,facts_27ad2a70e827.ttl,extracted
400,paper-1144,extraction_papers/paper-1144_performance_improvement_of_photovoltaic_panels_through_advanced_fault_detection_techniques.pdf,facts_6dcf7fafc720.ttl,extracted
401,paper-1145,extraction_papers/paper-1145_machine_learning_driven_best_worst_method_for_predictive_maintenance_in_industry_4_0.pdf,facts_bc3efa6e971c.ttl,extracted
402,paper-1147,extraction_papers/paper-1147_application_of_the_fmeca_method_for_identifying_failures_in_wind_turbine_systems_primena_fme.pdf,facts_46edd8d69258.ttl,extracted
403,paper-1149,extraction_papers/paper-1149_a_contribution_to_reliable_rail_transport_ai_powered_real_time_wheel_defect_detection.pdf,facts_3a29bbf81979.ttl,extracted
404,paper-1153,extraction_papers/paper-1153_stress_based_fatigue_diagnosis_of_wind_turbine_blades_using_physics_informed_ai_reduced_orde.pdf,facts_15d6e0f725e9.ttl,extracted
405,paper-1154,extraction_papers/paper-1154_remaining_useful_life_prediction_of_lithium_ion_batteries_using_a_novel_particle_flow_filter.pdf,facts_7b9bdbef320f.ttl,extracted
406,paper-1158,extraction_papers/paper-1158_explainable_ai_for_post_hoc_and_pseudo_post_hoc_predictive_maintenance_of_governor_valve_act.pdf,facts_e84380ee1506.ttl,extracted
407,paper-1162,extraction_papers/paper-1162_integration_of_acoustic_emission_and_dynamometer_systems_for_tool_condition_monitoring_in_mi.pdf,facts_767449fe7ac9.ttl,extracted
408,paper-1163,extraction_papers/paper-1163_refining_open_source_asset_management_tools_ai_driven_innovations_for_enhanced_reliability_a.pdf,facts_1b8e16eda666.ttl,extracted
409,paper-1169,extraction_papers/paper-1169_hdfpm_a_heterogeneous_disk_failure_prediction_method_based_on_time_series_features.pdf,facts_1e325e1b6ca0.ttl,extracted
410,paper-1170,extraction_papers/paper-1170_a_hybrid_hmm_rbfnn_system_using_relevant_and_non_redundant_features_for_bearing_fault_classi.pdf,facts_4354e4134545.ttl,extracted
411,paper-1172,extraction_papers/paper-1172_a_hybrid_framework_of_iot_and_machine_learning_for_predictive_analytics_of_a_dc_motor.pdf,facts_200b31896355.ttl,extracted
412,paper-1173,extraction_papers/paper-1173_vibration_signal_denoising_method_based_on_icfo_svmd_and_improved_wavelet_thresholding.pdf,facts_12e0db15847a.ttl,extracted
413,paper-1174,extraction_papers/paper-1174_a_residual_current_based_indicator_for_early_detection_of_stator_winding_faults_in_synchrono.pdf,facts_4e43c6ee7872.ttl,extracted
414,paper-1175,extraction_papers/paper-1175_estimating_the_insulation_health_index_of_xlpe_cables_using_machine_learning.pdf,facts_76e792d7d5cf.ttl,extracted
415,paper-1176,extraction_papers/paper-1176_machine_learning_algorithms_for_optimization_of_bearing_fault_diagnosis_in_wind_systems_a_co.pdf,facts_5b17d29e1395.ttl,extracted
416,paper-1180,extraction_papers/paper-1180_hybrid_physics_based_data_driven_thermal_model_for_multi_chip_power_modules.pdf,facts_e9d6cd4230be.ttl,extracted
417,paper-1183,extraction_papers/paper-1183_hierarchical_self_distillation_with_attention_for_class_imbalanced_acoustic_event_classifica.pdf,facts_99725d34ccdd.ttl,extracted
418,paper-1184,extraction_papers/paper-1184_comparative_analysis_of_shaft_voltage_harmonic_characteristics_in_large_scale_generators_oem.pdf,facts_77d4216c88ff.ttl,extracted
419,paper-1186,extraction_papers/paper-1186_data_driven_estimation_of_helicopter_engine_power_using_regular_flight_data_a_machine_learni.pdf,facts_c4d0c91f5145.ttl,extracted
420,paper-1187,extraction_papers/paper-1187_enhanced_engine_misfire_diagnosis_through_integration_of_vibration_and_acoustic_emission_sig.pdf,facts_ff03119d29c2.ttl,extracted
421,paper-1188,extraction_papers/paper-1188_condition_based_maintenance_decision_making_for_multi_component_systems_with_integrated_dyna.pdf,facts_d329fce35511.ttl,extracted
422,paper-1190,extraction_papers/paper-1190_attention_gaussian_lstm_wiener_based_remaining_useful_life_prediction_method.pdf,facts_cf590247685f.ttl,extracted
423,paper-1191,extraction_papers/paper-1191_intelligent_diagnosis_and_fault_prediction_of_rock_breaking_process_in_milling_machines_base.pdf,facts_9de0eb8c8c85.ttl,extracted
424,paper-1193,extraction_papers/paper-1193_predictive_maintenance_for_interactive_art_installations.pdf,facts_ce8987bda78c.ttl,extracted
425,paper-1198,extraction_papers/paper-1198_hybrid_ai_taguchi_anova_approach_for_thermographic_monitoring_of_electronic_devices.pdf,facts_38b8482122f9.ttl,extracted
426,paper-1203,extraction_papers/paper-1203_efficient_failure_prediction_a_transfer_learning_based_solution_for_imbalanced_data_classifi.pdf,facts_cdc37f9078a2.ttl,extracted
427,paper-1204,extraction_papers/paper-1204_safe_reinforcement_learning_based_prescriptive_maintenance_of_distribution_grid_using_bi_mam.pdf,facts_24a3a2cce978.ttl,extracted
428,paper-1205,extraction_papers/paper-1205_stretchable_tri_axis_sensor_for_tires_investigating_pressure_rpm_camber_slip_and_deformation.pdf,facts_584634b5a6ab.ttl,extracted
429,paper-1206,extraction_papers/paper-1206_remaining_useful_life_prediction_method_of_centrifugal_pump_rolling_bearings_based_on_digita.pdf,facts_d007baaf4931.ttl,extracted
430,paper-1207,extraction_papers/paper-1207_predictive_vibration_diagnostics_of_helicopter_rotating_units_in_field_conditions.pdf,facts_ee9a0a608f08.ttl,extracted
431,paper-1208,extraction_papers/paper-1208_comparison_of_deep_learning_models_for_predictive_maintenance_in_industrial_manufacturing_sy.pdf,facts_469c26cc7d24.ttl,extracted
432,paper-1209,extraction_papers/paper-1209_cfenn_a_deep_learning_framework_for_image_based_pantograph_contact_force_monitoring.pdf,facts_cff6cc30ff52.ttl,extracted
433,paper-1210,extraction_papers/paper-1210_digital_twin_enabled_predictive_maintenance_framework_for_smart_manufacturing_systems.pdf,facts_afc5c3c0d8bf.ttl,extracted
434,paper-1211,extraction_papers/paper-1211_pdrnet_a_novel_physical_feature_driven_residual_network_for_motor_vibration_signal_denoising.pdf,facts_d715d990032f.ttl,extracted
435,paper-1212,extraction_papers/paper-1212_development_and_validation_of_a_cnn_lstm_fusion_model_for_multi_fault_diagnosis_in_hybrid_el.pdf,facts_4242b18c0aaa.ttl,extracted
436,paper-1214,extraction_papers/paper-1214_discrete_element_method_analysis_of_cutter_forces_and_cutter_tooth_wear_in_cutter_suction_dr.pdf,facts_150362587e21.ttl,extracted
437,paper-1218,extraction_papers/paper-1218_analysis_of_interrupting_energy_variations_in_mccbs_under_repetitive_fault_conditions_in_acc.pdf,facts_95ae1663305e.ttl,extracted
438,paper-1219,extraction_papers/paper-1219_optimized_machine_learning_for_induction_motor_fault_diagnosis_using_vibration_and_frequency.pdf,facts_a8ee4914c258.ttl,extracted
439,paper-1221,extraction_papers/paper-1221_a_self_monitoring_analysis_and_reporting_technology_dataset_of_147_496_hard_disks.pdf,facts_d89aaaea83f7.ttl,extracted
440,paper-1225,extraction_papers/paper-1225_a_data_driven_framework_for_evaluating_maintenance_crews_in_fertilizer_manufacturing_units.pdf,facts_9a0d6f9a550c.ttl,extracted
441,paper-1230,extraction_papers/paper-1230_leveraging_the_competency_of_condition_monitoring_system_for_achieving_excellence_in_operati.pdf,facts_1762d3edd470.ttl,extracted
442,paper-1231,extraction_papers/paper-1231_automated_vehicle_fault_diagnosis_and_report_generation_using_hybrid_machine_learning_with_m.pdf,facts_9a0cec89e3dc.ttl,extracted
443,paper-1232,extraction_papers/paper-1232_yolov8_ecc_enhancing_object_detection_for_power_line_asset_inspection_under_real_world_visua.pdf,facts_5bd2afb8af30.ttl,extracted
444,paper-1233,extraction_papers/paper-1233_practical_test_time_domain_adaptation_for_industrial_condition_monitoring_by_leveraging_norm.pdf,facts_fffa03ab557f.ttl,extracted
445,paper-1235,extraction_papers/paper-1235_robust_analog_gauge_reading_via_virtual_point_based_geometric_rectification_and_p2_yolo_pose.pdf,facts_0427cffaf5f0.ttl,extracted
446,paper-1236,extraction_papers/paper-1236_predictive_maintenance_programs_for_aircraft_engines_based_on_remaining_useful_life_predicti.pdf,facts_d35b7b7541e8.ttl,extracted
447,paper-1238,extraction_papers/paper-1238_infrared_thermography_and_deep_learning_based_two_stage_framework_for_fault_detection_and_in.pdf,facts_395330d7af73.ttl,extracted
448,paper-1240,extraction_papers/paper-1240_optimizing_predictive_maintenance_and_mission_assignment_to_enhance_fleet_readiness_under_un.pdf,facts_98242ea4f088.ttl,extracted
449,paper-1241,extraction_papers/paper-1241_an_intelligent_purchasing_decision_model_for_railway_wagon_components_using_a_markov_decisio.pdf,facts_7292d3ea6ac3.ttl,extracted
450,paper-1244,extraction_papers/paper-1244_maintenance_strategy_selection_and_its_impact_on_the_optimization_of_life_cycle_costs_in_ind.pdf,facts_cd65a5e76a5a.ttl,extracted
451,paper-1249,extraction_papers/paper-1249_a_data_driven_pca_ocsvm_framework_for_intelligent_monitoring_and_anomaly_detection_of_grid_c.pdf,facts_02b1e1db1ebc.ttl,extracted
452,paper-1252,extraction_papers/paper-1252_research_on_remote_operational_condition_monitoring_system_for_fully_automatic_rice_seedling.pdf,facts_209acc5bf5ca.ttl,extracted
453,paper-1253,extraction_papers/paper-1253_experimental_and_simulative_investigation_of_an_energy_autarkic_temperature_field_based_sens.pdf,facts_e415c45cce5a.ttl,extracted
454,paper-1258,extraction_papers/paper-1258_a_multi_data_fusion_based_bearing_load_prediction_model_for_elastically_supported_shafting_s.pdf,facts_3ab6eeca2c90.ttl,extracted
455,paper-1261,extraction_papers/paper-1261_trend_factor_smoothing_and_tasmanian_devil_optimization_based_siamese_neural_network_for_ano.pdf,facts_7d0c9939df48.ttl,extracted
456,paper-1262,extraction_papers/paper-1262_theoretical_concept_for_in_situ_condition_monitoring_of_rotary_shaft_seals_using_surface_str.pdf,facts_0c556dd91c12.ttl,extracted
457,paper-1263,extraction_papers/paper-1263_acoustic_monitoring_of_wind_turbine_blades_using_wavelet_packet_analysis_and_1d_convolutiona.pdf,facts_427b95a7296e.ttl,extracted
458,paper-1264,extraction_papers/paper-1264_iot_enabled_wireless_communication_monitoring_and_fault_diagnosis_for_transformer_oil_condit.pdf,facts_adcf48f74d04.ttl,extracted
459,paper-1265,extraction_papers/paper-1265_self_powered_sensing_system_for_electric_vehicle_drive_condition_monitoring_and_driving_cond.pdf,facts_81284a6fcbce.ttl,extracted
460,paper-1267,extraction_papers/paper-1267_an_integrated_iot_framework_for_intelligent_vibration_based_fault_diagnosis_of_internal_comb.pdf,facts_ce3b3e6b23cd.ttl,extracted
461,paper-1268,extraction_papers/paper-1268_multi_agent_large_language_model_based_decision_tree_analysis_for_explainable_electric_vehic.pdf,facts_344967ac8b3f.ttl,extracted
462,paper-1269,extraction_papers/paper-1269_construction_and_application_of_online_vibration_frequency_response_analysis_method_for_conv.pdf,facts_c02073b390a1.ttl,extracted
463,paper-1270,extraction_papers/paper-1270_adaptive_denoising_of_partial_discharge_using_absolute_difference_optimization_versus_artifi.pdf,facts_efbab9026697.ttl,extracted
464,paper-1272,extraction_papers/paper-1272_a_machine_learning_framework_for_long_term_forecasting_of_spare_part_demand_in_end_of_life_p.pdf,facts_8cc33107cf16.ttl,duplicate_source_content
465,paper-1274,extraction_papers/paper-1274_charging_pile_fault_prediction_method_combining_whale_optimization_algorithm_and_long_short.pdf,facts_5507b191edcf.ttl,extracted
466,paper-1276,extraction_papers/paper-1276_real_time_simulation_of_gap_flow_in_the_valve_plate_cylinder_block_pair_of_axial_piston_pump.pdf,facts_8a336d5d2d6d.ttl,extracted
467,paper-1277,extraction_papers/paper-1277_metad_dt_a_reference_architecture_enabling_digital_twin_development_for_complex_engineering.pdf,facts_274a592d6e6a.ttl,extracted
468,paper-1282,extraction_papers/paper-1282_physics_informed_transfer_learning_for_predicting_engine_oil_degradation_and_rul_across_hete.pdf,facts_c8ee86acce09.ttl,extracted
469,paper-1296,extraction_papers/paper-1296_temporal_trends_and_reliability_of_computed_tomography_scanner_failures_evidence_from_a_real.pdf,facts_957375f200f0.ttl,extracted
470,paper-1299,extraction_papers/paper-1299_bearing_fault_diagnosis_based_on_avmd_and_hpo_dbn.pdf,facts_2c4885be8796.ttl,extracted
471,paper-1302,extraction_papers/paper-1302_reliability_evaluation_method_for_aeroengine_turbine_rotor_assemblies_considering_interactio.pdf,facts_7ac990669414.ttl,extracted
472,paper-1304,extraction_papers/paper-1304_digital_twin_based_intelligent_monitoring_of_industrial_systems_using_explainable_ai.pdf,facts_e39978613cc4.ttl,extracted
473,paper-1305,extraction_papers/paper-1305_making_informed_decisions_in_cutting_tool_maintenance_in_milling_a_knn_based_model_agnostic.pdf,facts_4fcf2df0b3c7.ttl,extracted
474,paper-1306,extraction_papers/paper-1306_fault_diagnosis_of_rolling_bearing_failures_using_a_multi_stage_e_cnn_gru_sam_network.pdf,facts_ebd7bf94937b.ttl,extracted
475,paper-1307,extraction_papers/paper-1307_liner_wear_prediction_using_bayesian_regression_models_and_clustering.pdf,facts_173e989f42c4.ttl,extracted
476,paper-1308,extraction_papers/paper-1308_lithium_ion_battery_rul_prediction_based_on_optimized_vmd_ssa_patchtst_algorithm.pdf,facts_c9c45d670871.ttl,extracted
477,paper-1313,extraction_papers/paper-1313_identification_of_simultaneous_soft_faults_in_analog_circuits_using_a_hybrid_pso_machine_lea.pdf,facts_7702c17c1722.ttl,extracted
478,paper-1316,extraction_papers/paper-1316_development_of_a_method_for_diagnosing_and_forecasting_power_supply_systems_for_mining_enter.pdf,facts_8eca85666146.ttl,extracted
479,paper-1317,extraction_papers/paper-1317_robustness_of_cnn_augmented_sequential_models_for_li_ion_battery_rul_prediction_under_data_s.pdf,facts_88c087b3e43b.ttl,extracted
480,paper-1318,extraction_papers/paper-1318_using_deep_learning_for_predictive_maintenance_a_study_on_exhaust_backpressure_and_power_los.pdf,facts_834e768e64ba.ttl,extracted
481,paper-1319,extraction_papers/paper-1319_intelligent_fault_diagnosis_of_bearings_using_multi_sensor_spectrogram_fusion_and_machine_le.pdf,facts_0761d601b305.ttl,extracted
482,paper-1320,extraction_papers/paper-1320_iot_device_for_detecting_abnormal_vibrations_in_motors_using_tinyml.pdf,facts_6b21f594fbb8.ttl,extracted
483,paper-1324,extraction_papers/paper-1324_ball_bearing_fault_detection_using_an_acoustic_based_machine_learning_approach.pdf,facts_2676d75af134.ttl,extracted
484,paper-1326,extraction_papers/paper-1326_rolling_bearing_remaining_useful_life_prediction_using_deep_learning_based_on_high_quality_r.pdf,facts_78176b462e77.ttl,extracted
485,paper-1327,extraction_papers/paper-1327_multi_parameter_assessment_and_validation_of_cable_insulation_using_game_theory_and_fuzzy_co.pdf,facts_48cad2c1bc0b.ttl,extracted
486,paper-1328,extraction_papers/paper-1328_tool_wear_detection_in_milling_using_convolutional_neural_networks_and_audible_sound_signals.pdf,facts_18cf238441be.ttl,extracted
487,paper-1329,extraction_papers/paper-1329_condition_monitoring_of_in_service_dfigs_working_under_non_stationary_conditions_via_nshota.pdf,facts_53766d82fa06.ttl,extracted
488,paper-1330,extraction_papers/paper-1330_moekan_multi_scale_transformer_based_gating_kan_experts_network_for_time_series_forecasting.pdf,facts_a3f4f12b8e17.ttl,extracted
489,paper-1334,extraction_papers/paper-1334_efficient_attentive_u_net_for_fault_diagnosis_and_predictive_maintenance_of_photovoltaic_pan.pdf,facts_117847e3c530.ttl,extracted
490,paper-1335,extraction_papers/paper-1335_deep_learning_enhanced_predictive_maintenance_framework_using_industrial_internet_of_things.pdf,facts_0d06342b9b75.ttl,extracted
491,paper-1337,extraction_papers/paper-1337_time_weighted_kernel_density_for_gearbox_residual_life_prediction.pdf,facts_a312d6898c34.ttl,extracted
492,paper-1341,extraction_papers/paper-1341_acoustic_virtual_sensors_for_industrial_process_monitoring_using_non_negative_matrix_factori.pdf,facts_785cce318ec7.ttl,extracted
493,paper-1342,extraction_papers/paper-1342_resource_efficient_field_programmable_gate_array_implementation_of_an_integer_fuzzy_inferenc.pdf,facts_825647eb95f3.ttl,extracted
494,paper-1343,extraction_papers/paper-1343_power_line_communication_as_a_sensor_medium_voltage_cable_diagnostics.pdf,facts_3979e8861110.ttl,extracted
495,paper-1346,extraction_papers/paper-1346_comparing_deep_learning_and_fourier_series_models_for_equipment_failure_prediction_in_predic.pdf,facts_b8c5ed28b19d.ttl,extracted
496,paper-1348,extraction_papers/paper-1348_phenomenological_analysis_of_the_electrical_behavior_of_helical_gears_to_identify_sensory_ut.pdf,facts_6a48c55aef0b.ttl,extracted
497,paper-1349,extraction_papers/paper-1349_ai_ml_based_anomaly_detection_and_fault_diagnosis_of_turbocharged_marine_diesel_engines_expe.pdf,facts_21b5422495b4.ttl,extracted
498,paper-1351,extraction_papers/paper-1351_hybrid_gaussian_process_regression_with_temporal_feature_extraction_for_partially_interpreta.pdf,facts_af0d930fa5cb.ttl,extracted
499,paper-1352,extraction_papers/paper-1352_fault_diagnosis_in_robot_drive_systems_using_data_driven_dynamics_learning.pdf,facts_8ee267586a8c.ttl,extracted
500,paper-1355,extraction_papers/paper-1355_noise_separation_techniques_for_accurate_substation_anomaly_detection_an_intelligent_methodo.pdf,facts_7d5a793ede3b.ttl,extracted
