batch_index,corpus_id,filename,source_path,staged_path,staged_by,retry_reason
1,paper-3216,paper-3216_remaining_useful_life_prediction_of_turbofan_engine_in_varied_operational_conditions_conside.pdf,extraction_papers/paper-3216_remaining_useful_life_prediction_of_turbofan_engine_in_varied_operational_conditions_conside.pdf,extraction_papers/ontocast_runs/run_retry_failed_106_gpt-5.6-luna_20260725_220000/input/paper-3216_remaining_useful_life_prediction_of_turbofan_engine_in_varied_operational_conditions_conside.pdf,hardlink,not_attempted_after_batch_1_crash
2,paper-3217,paper-3217_deep_learning_for_anomaly_detection_in_cnc_machine_vibration_data_a_roughlstm_based_approach.pdf,extraction_papers/paper-3217_deep_learning_for_anomaly_detection_in_cnc_machine_vibration_data_a_roughlstm_based_approach.pdf,extraction_papers/ontocast_runs/run_retry_failed_106_gpt-5.6-luna_20260725_220000/input/paper-3217_deep_learning_for_anomaly_detection_in_cnc_machine_vibration_data_a_roughlstm_based_approach.pdf,hardlink,not_attempted_after_batch_1_crash
3,paper-3219,paper-3219_real_time_load_monitoring_in_linear_guideways_using_integrated_inductive_proximity_sensors.pdf,extraction_papers/paper-3219_real_time_load_monitoring_in_linear_guideways_using_integrated_inductive_proximity_sensors.pdf,extraction_papers/ontocast_runs/run_retry_failed_106_gpt-5.6-luna_20260725_220000/input/paper-3219_real_time_load_monitoring_in_linear_guideways_using_integrated_inductive_proximity_sensors.pdf,hardlink,not_attempted_after_batch_1_crash
4,paper-3221,paper-3221_explainable_intelligent_inspection_of_solar_photovoltaic_systems_with_deep_transfer_learning.pdf,extraction_papers/paper-3221_explainable_intelligent_inspection_of_solar_photovoltaic_systems_with_deep_transfer_learning.pdf,extraction_papers/ontocast_runs/run_retry_failed_106_gpt-5.6-luna_20260725_220000/input/paper-3221_explainable_intelligent_inspection_of_solar_photovoltaic_systems_with_deep_transfer_learning.pdf,hardlink,not_attempted_after_batch_1_crash
5,paper-3222,paper-3222_transient_collapse_failure_prediction_of_production_casing_after_packer_unsetting_in_high_pr.pdf,extraction_papers/paper-3222_transient_collapse_failure_prediction_of_production_casing_after_packer_unsetting_in_high_pr.pdf,extraction_papers/ontocast_runs/run_retry_failed_106_gpt-5.6-luna_20260725_220000/input/paper-3222_transient_collapse_failure_prediction_of_production_casing_after_packer_unsetting_in_high_pr.pdf,hardlink,not_attempted_after_batch_1_crash
6,paper-3223,paper-3223_analysis_of_signals_from_air_conditioner_compressors_with_ordinal_patterns_and_machine_learn.pdf,extraction_papers/paper-3223_analysis_of_signals_from_air_conditioner_compressors_with_ordinal_patterns_and_machine_learn.pdf,extraction_papers/ontocast_runs/run_retry_failed_106_gpt-5.6-luna_20260725_220000/input/paper-3223_analysis_of_signals_from_air_conditioner_compressors_with_ordinal_patterns_and_machine_learn.pdf,hardlink,not_attempted_after_batch_1_crash
7,paper-3224,paper-3224_a_novel_method_for_online_diagnosis_of_the_aging_state_of_high_voltage_hv_cables_based_on_im.pdf,extraction_papers/paper-3224_a_novel_method_for_online_diagnosis_of_the_aging_state_of_high_voltage_hv_cables_based_on_im.pdf,extraction_papers/ontocast_runs/run_retry_failed_106_gpt-5.6-luna_20260725_220000/input/paper-3224_a_novel_method_for_online_diagnosis_of_the_aging_state_of_high_voltage_hv_cables_based_on_im.pdf,hardlink,not_attempted_after_batch_1_crash
8,paper-3227,paper-3227_condition_assessment_and_predictive_maintenance_for_contact_probe_using_health_index_and_enc.pdf,extraction_papers/paper-3227_condition_assessment_and_predictive_maintenance_for_contact_probe_using_health_index_and_enc.pdf,extraction_papers/ontocast_runs/run_retry_failed_106_gpt-5.6-luna_20260725_220000/input/paper-3227_condition_assessment_and_predictive_maintenance_for_contact_probe_using_health_index_and_enc.pdf,hardlink,not_attempted_after_batch_1_crash
9,paper-3229,paper-3229_transmissibility_based_methods_for_damage_identification_on_a_railway_bogie_frame.pdf,extraction_papers/paper-3229_transmissibility_based_methods_for_damage_identification_on_a_railway_bogie_frame.pdf,extraction_papers/ontocast_runs/run_retry_failed_106_gpt-5.6-luna_20260725_220000/input/paper-3229_transmissibility_based_methods_for_damage_identification_on_a_railway_bogie_frame.pdf,hardlink,not_attempted_after_batch_1_crash
10,paper-3232,paper-3232_tool_condition_monitoring_model_based_on_dae_svr.pdf,extraction_papers/paper-3232_tool_condition_monitoring_model_based_on_dae_svr.pdf,extraction_papers/ontocast_runs/run_retry_failed_106_gpt-5.6-luna_20260725_220000/input/paper-3232_tool_condition_monitoring_model_based_on_dae_svr.pdf,hardlink,not_attempted_after_batch_1_crash
11,paper-3233,paper-3233_synthetic_data_driven_you_only_look_once_based_detection_of_computer_numerical_control_machi.pdf,extraction_papers/paper-3233_synthetic_data_driven_you_only_look_once_based_detection_of_computer_numerical_control_machi.pdf,extraction_papers/ontocast_runs/run_retry_failed_106_gpt-5.6-luna_20260725_220000/input/paper-3233_synthetic_data_driven_you_only_look_once_based_detection_of_computer_numerical_control_machi.pdf,hardlink,not_attempted_after_batch_1_crash
12,paper-3235,paper-3235_a_complex_device_state_feature_selection_method_based_on_improved_hybrid_algorithm.pdf,extraction_papers/paper-3235_a_complex_device_state_feature_selection_method_based_on_improved_hybrid_algorithm.pdf,extraction_papers/ontocast_runs/run_retry_failed_106_gpt-5.6-luna_20260725_220000/input/paper-3235_a_complex_device_state_feature_selection_method_based_on_improved_hybrid_algorithm.pdf,hardlink,not_attempted_after_batch_1_crash
13,paper-3238,paper-3238_enhancing_predictive_maintenance_of_industrial_assets_through_machine_diagnostic_parameter_g.pdf,extraction_papers/paper-3238_enhancing_predictive_maintenance_of_industrial_assets_through_machine_diagnostic_parameter_g.pdf,extraction_papers/ontocast_runs/run_retry_failed_106_gpt-5.6-luna_20260725_220000/input/paper-3238_enhancing_predictive_maintenance_of_industrial_assets_through_machine_diagnostic_parameter_g.pdf,hardlink,not_attempted_after_batch_1_crash
14,paper-3239,paper-3239_experimental_study_of_neutral_configuration_effects_on_internal_and_external_fault_detection.pdf,extraction_papers/paper-3239_experimental_study_of_neutral_configuration_effects_on_internal_and_external_fault_detection.pdf,extraction_papers/ontocast_runs/run_retry_failed_106_gpt-5.6-luna_20260725_220000/input/paper-3239_experimental_study_of_neutral_configuration_effects_on_internal_and_external_fault_detection.pdf,hardlink,not_attempted_after_batch_1_crash
15,paper-3244,paper-3244_predicting_the_temperature_of_a_permanent_magnet_synchronous_motor_a_comparative_study_of_ar.pdf,extraction_papers/paper-3244_predicting_the_temperature_of_a_permanent_magnet_synchronous_motor_a_comparative_study_of_ar.pdf,extraction_papers/ontocast_runs/run_retry_failed_106_gpt-5.6-luna_20260725_220000/input/paper-3244_predicting_the_temperature_of_a_permanent_magnet_synchronous_motor_a_comparative_study_of_ar.pdf,hardlink,not_attempted_after_batch_1_crash
16,paper-3245,paper-3245_optimization_of_fault_prediction_by_a_i_in_industrial_equipment_analysis_of_the_operating_pa.pdf,extraction_papers/paper-3245_optimization_of_fault_prediction_by_a_i_in_industrial_equipment_analysis_of_the_operating_pa.pdf,extraction_papers/ontocast_runs/run_retry_failed_106_gpt-5.6-luna_20260725_220000/input/paper-3245_optimization_of_fault_prediction_by_a_i_in_industrial_equipment_analysis_of_the_operating_pa.pdf,hardlink,not_attempted_after_batch_1_crash
17,paper-3246,paper-3246_fault_diagnosis_across_aircraft_systems_using_image_recognition_and_transfer_learning.pdf,extraction_papers/paper-3246_fault_diagnosis_across_aircraft_systems_using_image_recognition_and_transfer_learning.pdf,extraction_papers/ontocast_runs/run_retry_failed_106_gpt-5.6-luna_20260725_220000/input/paper-3246_fault_diagnosis_across_aircraft_systems_using_image_recognition_and_transfer_learning.pdf,hardlink,not_attempted_after_batch_1_crash
18,paper-3247,paper-3247_leveraging_safe_and_secure_ai_for_predictive_maintenance_of_mechanical_devices_using_increme.pdf,extraction_papers/paper-3247_leveraging_safe_and_secure_ai_for_predictive_maintenance_of_mechanical_devices_using_increme.pdf,extraction_papers/ontocast_runs/run_retry_failed_106_gpt-5.6-luna_20260725_220000/input/paper-3247_leveraging_safe_and_secure_ai_for_predictive_maintenance_of_mechanical_devices_using_increme.pdf,hardlink,not_attempted_after_batch_1_crash
19,paper-3251,paper-3251_an_explainable_autoencoder_based_feature_extraction_combined_with_cnn_lstm_pso_model_for_imp.pdf,extraction_papers/paper-3251_an_explainable_autoencoder_based_feature_extraction_combined_with_cnn_lstm_pso_model_for_imp.pdf,extraction_papers/ontocast_runs/run_retry_failed_106_gpt-5.6-luna_20260725_220000/input/paper-3251_an_explainable_autoencoder_based_feature_extraction_combined_with_cnn_lstm_pso_model_for_imp.pdf,hardlink,not_attempted_after_batch_1_crash
20,paper-3253,paper-3253_research_on_predictive_maintenance_methods_for_current_transformers_with_iron_core_structure.pdf,extraction_papers/paper-3253_research_on_predictive_maintenance_methods_for_current_transformers_with_iron_core_structure.pdf,extraction_papers/ontocast_runs/run_retry_failed_106_gpt-5.6-luna_20260725_220000/input/paper-3253_research_on_predictive_maintenance_methods_for_current_transformers_with_iron_core_structure.pdf,hardlink,not_attempted_after_batch_1_crash
21,paper-3254,paper-3254_leveraging_generative_ai_for_modelling_and_optimization_of_maintenance_policies_in_industria.pdf,extraction_papers/paper-3254_leveraging_generative_ai_for_modelling_and_optimization_of_maintenance_policies_in_industria.pdf,extraction_papers/ontocast_runs/run_retry_failed_106_gpt-5.6-luna_20260725_220000/input/paper-3254_leveraging_generative_ai_for_modelling_and_optimization_of_maintenance_policies_in_industria.pdf,hardlink,not_attempted_after_batch_1_crash
22,paper-3258,paper-3258_integrating_machine_learning_based_remaining_useful_life_predictions_with_cost_optimal_block.pdf,extraction_papers/paper-3258_integrating_machine_learning_based_remaining_useful_life_predictions_with_cost_optimal_block.pdf,extraction_papers/ontocast_runs/run_retry_failed_106_gpt-5.6-luna_20260725_220000/input/paper-3258_integrating_machine_learning_based_remaining_useful_life_predictions_with_cost_optimal_block.pdf,hardlink,not_attempted_after_batch_1_crash
23,paper-3259,paper-3259_application_of_machine_learning_models_for_predictive_maintenance_of_biotechnical_systems_ut.pdf,extraction_papers/paper-3259_application_of_machine_learning_models_for_predictive_maintenance_of_biotechnical_systems_ut.pdf,extraction_papers/ontocast_runs/run_retry_failed_106_gpt-5.6-luna_20260725_220000/input/paper-3259_application_of_machine_learning_models_for_predictive_maintenance_of_biotechnical_systems_ut.pdf,hardlink,not_attempted_after_batch_1_crash
24,paper-3261,paper-3261_an_equipment_behavioral_study_in_fluidic_production_processes_using_data_for_an_optimized_pr.pdf,extraction_papers/paper-3261_an_equipment_behavioral_study_in_fluidic_production_processes_using_data_for_an_optimized_pr.pdf,extraction_papers/ontocast_runs/run_retry_failed_106_gpt-5.6-luna_20260725_220000/input/paper-3261_an_equipment_behavioral_study_in_fluidic_production_processes_using_data_for_an_optimized_pr.pdf,hardlink,not_attempted_after_batch_1_crash
25,paper-3263,paper-3263_integrated_diagnostic_system_and_multi_level_reliability_modeling_for_predictive_maintenance.pdf,extraction_papers/paper-3263_integrated_diagnostic_system_and_multi_level_reliability_modeling_for_predictive_maintenance.pdf,extraction_papers/ontocast_runs/run_retry_failed_106_gpt-5.6-luna_20260725_220000/input/paper-3263_integrated_diagnostic_system_and_multi_level_reliability_modeling_for_predictive_maintenance.pdf,hardlink,not_attempted_after_batch_1_crash
26,paper-3264,paper-3264_fault_diagnosis_method_for_main_pump_motor_shielding_sleeve_based_on_attention_mechanism_and.pdf,extraction_papers/paper-3264_fault_diagnosis_method_for_main_pump_motor_shielding_sleeve_based_on_attention_mechanism_and.pdf,extraction_papers/ontocast_runs/run_retry_failed_106_gpt-5.6-luna_20260725_220000/input/paper-3264_fault_diagnosis_method_for_main_pump_motor_shielding_sleeve_based_on_attention_mechanism_and.pdf,hardlink,not_attempted_after_batch_1_crash
27,paper-3266,paper-3266_ai_driven_predictive_maintenance_for_smart_manufacturing_systems_using_digital_twin_technolo.pdf,extraction_papers/paper-3266_ai_driven_predictive_maintenance_for_smart_manufacturing_systems_using_digital_twin_technolo.pdf,extraction_papers/ontocast_runs/run_retry_failed_106_gpt-5.6-luna_20260725_220000/input/paper-3266_ai_driven_predictive_maintenance_for_smart_manufacturing_systems_using_digital_twin_technolo.pdf,hardlink,not_attempted_after_batch_1_crash
28,paper-3269,paper-3269_using_time_series_foundation_models_for_few_shot_remaining_useful_life_prediction_of_aircraf.pdf,extraction_papers/paper-3269_using_time_series_foundation_models_for_few_shot_remaining_useful_life_prediction_of_aircraf.pdf,extraction_papers/ontocast_runs/run_retry_failed_106_gpt-5.6-luna_20260725_220000/input/paper-3269_using_time_series_foundation_models_for_few_shot_remaining_useful_life_prediction_of_aircraf.pdf,hardlink,not_attempted_after_batch_1_crash
29,paper-3270,paper-3270_smart_maintenance_solutions_ar_and_vr_enhanced_digital_twin_powered_by_fiware.pdf,extraction_papers/paper-3270_smart_maintenance_solutions_ar_and_vr_enhanced_digital_twin_powered_by_fiware.pdf,extraction_papers/ontocast_runs/run_retry_failed_106_gpt-5.6-luna_20260725_220000/input/paper-3270_smart_maintenance_solutions_ar_and_vr_enhanced_digital_twin_powered_by_fiware.pdf,hardlink,not_attempted_after_batch_1_crash
30,paper-3271,paper-3271_a_deep_learning_method_for_remaining_useful_life_prediction_of_power_machinery_via_dual_atte.pdf,extraction_papers/paper-3271_a_deep_learning_method_for_remaining_useful_life_prediction_of_power_machinery_via_dual_atte.pdf,extraction_papers/ontocast_runs/run_retry_failed_106_gpt-5.6-luna_20260725_220000/input/paper-3271_a_deep_learning_method_for_remaining_useful_life_prediction_of_power_machinery_via_dual_atte.pdf,hardlink,not_attempted_after_batch_1_crash
31,paper-3272,paper-3272_stage_based_remaining_useful_life_prediction_for_bearings_using_gnn_and_correlation_driven_f.pdf,extraction_papers/paper-3272_stage_based_remaining_useful_life_prediction_for_bearings_using_gnn_and_correlation_driven_f.pdf,extraction_papers/ontocast_runs/run_retry_failed_106_gpt-5.6-luna_20260725_220000/input/paper-3272_stage_based_remaining_useful_life_prediction_for_bearings_using_gnn_and_correlation_driven_f.pdf,hardlink,not_attempted_after_batch_1_crash
32,paper-3273,paper-3273_remaining_useful_life_of_lithium_ion_battery_using_hybrid_long_short_term_memory_and_modifie.pdf,extraction_papers/paper-3273_remaining_useful_life_of_lithium_ion_battery_using_hybrid_long_short_term_memory_and_modifie.pdf,extraction_papers/ontocast_runs/run_retry_failed_106_gpt-5.6-luna_20260725_220000/input/paper-3273_remaining_useful_life_of_lithium_ion_battery_using_hybrid_long_short_term_memory_and_modifie.pdf,hardlink,not_attempted_after_batch_1_crash
33,paper-3274,paper-3274_gas_turbine_equivalent_operating_hour_estimation_considering_creep_lcf_interactions.pdf,extraction_papers/paper-3274_gas_turbine_equivalent_operating_hour_estimation_considering_creep_lcf_interactions.pdf,extraction_papers/ontocast_runs/run_retry_failed_106_gpt-5.6-luna_20260725_220000/input/paper-3274_gas_turbine_equivalent_operating_hour_estimation_considering_creep_lcf_interactions.pdf,hardlink,not_attempted_after_batch_1_crash
34,paper-3276,paper-3276_comparison_of_machine_learning_methods_in_predictive_maintenance_of_machines.pdf,extraction_papers/paper-3276_comparison_of_machine_learning_methods_in_predictive_maintenance_of_machines.pdf,extraction_papers/ontocast_runs/run_retry_failed_106_gpt-5.6-luna_20260725_220000/input/paper-3276_comparison_of_machine_learning_methods_in_predictive_maintenance_of_machines.pdf,hardlink,not_attempted_after_batch_1_crash
35,paper-3280,paper-3280_application_of_dbn_based_krls_method_for_rul_prediction_of_lithium_ion_batteries.pdf,extraction_papers/paper-3280_application_of_dbn_based_krls_method_for_rul_prediction_of_lithium_ion_batteries.pdf,extraction_papers/ontocast_runs/run_retry_failed_106_gpt-5.6-luna_20260725_220000/input/paper-3280_application_of_dbn_based_krls_method_for_rul_prediction_of_lithium_ion_batteries.pdf,hardlink,not_attempted_after_batch_1_crash
36,paper-3282,paper-3282_a_comparative_study_on_tree_based_classifiers_for_condition_monitoring_of_face_milling_tool.pdf,extraction_papers/paper-3282_a_comparative_study_on_tree_based_classifiers_for_condition_monitoring_of_face_milling_tool.pdf,extraction_papers/ontocast_runs/run_retry_failed_106_gpt-5.6-luna_20260725_220000/input/paper-3282_a_comparative_study_on_tree_based_classifiers_for_condition_monitoring_of_face_milling_tool.pdf,hardlink,not_attempted_after_batch_1_crash
37,paper-3289,paper-3289_end_to_end_lifecycle_machine_learning_framework_for_predictive_maintenance_of_critical_equip.pdf,extraction_papers/paper-3289_end_to_end_lifecycle_machine_learning_framework_for_predictive_maintenance_of_critical_equip.pdf,extraction_papers/ontocast_runs/run_retry_failed_106_gpt-5.6-luna_20260725_220000/input/paper-3289_end_to_end_lifecycle_machine_learning_framework_for_predictive_maintenance_of_critical_equip.pdf,hardlink,not_attempted_after_batch_1_crash
38,paper-3290,paper-3290_a_predictive_maintenance_system_based_on_industrial_internet_of_things_for_multimachine_mult.pdf,extraction_papers/paper-3290_a_predictive_maintenance_system_based_on_industrial_internet_of_things_for_multimachine_mult.pdf,extraction_papers/ontocast_runs/run_retry_failed_106_gpt-5.6-luna_20260725_220000/input/paper-3290_a_predictive_maintenance_system_based_on_industrial_internet_of_things_for_multimachine_mult.pdf,hardlink,not_attempted_after_batch_1_crash
39,paper-3291,paper-3291_a_joint_prediction_of_the_state_of_health_and_remaining_useful_life_of_lithium_ion_batteries.pdf,extraction_papers/paper-3291_a_joint_prediction_of_the_state_of_health_and_remaining_useful_life_of_lithium_ion_batteries.pdf,extraction_papers/ontocast_runs/run_retry_failed_106_gpt-5.6-luna_20260725_220000/input/paper-3291_a_joint_prediction_of_the_state_of_health_and_remaining_useful_life_of_lithium_ion_batteries.pdf,hardlink,not_attempted_after_batch_1_crash
40,paper-3292,paper-3292_remaining_life_prediction_of_automatic_fare_collection_systems_from_the_perspective_of_susta.pdf,extraction_papers/paper-3292_remaining_life_prediction_of_automatic_fare_collection_systems_from_the_perspective_of_susta.pdf,extraction_papers/ontocast_runs/run_retry_failed_106_gpt-5.6-luna_20260725_220000/input/paper-3292_remaining_life_prediction_of_automatic_fare_collection_systems_from_the_perspective_of_susta.pdf,hardlink,not_attempted_after_batch_1_crash
41,paper-3295,paper-3295_fault_detection_in_power_transformers_using_frequency_response_analysis_and_machine_learning.pdf,extraction_papers/paper-3295_fault_detection_in_power_transformers_using_frequency_response_analysis_and_machine_learning.pdf,extraction_papers/ontocast_runs/run_retry_failed_106_gpt-5.6-luna_20260725_220000/input/paper-3295_fault_detection_in_power_transformers_using_frequency_response_analysis_and_machine_learning.pdf,hardlink,not_attempted_after_batch_1_crash
42,paper-3296,paper-3296_predicting_remaining_useful_life_of_lithium_ion_batteries_for_electric_vehicles_using_machin.pdf,extraction_papers/paper-3296_predicting_remaining_useful_life_of_lithium_ion_batteries_for_electric_vehicles_using_machin.pdf,extraction_papers/ontocast_runs/run_retry_failed_106_gpt-5.6-luna_20260725_220000/input/paper-3296_predicting_remaining_useful_life_of_lithium_ion_batteries_for_electric_vehicles_using_machin.pdf,hardlink,not_attempted_after_batch_1_crash
43,paper-3299,paper-3299_two_step_vibration_based_machine_learning_model_for_the_fault_detection_and_diagnosis_in_rot.pdf,extraction_papers/paper-3299_two_step_vibration_based_machine_learning_model_for_the_fault_detection_and_diagnosis_in_rot.pdf,extraction_papers/ontocast_runs/run_retry_failed_106_gpt-5.6-luna_20260725_220000/input/paper-3299_two_step_vibration_based_machine_learning_model_for_the_fault_detection_and_diagnosis_in_rot.pdf,hardlink,not_attempted_after_batch_1_crash
44,paper-3301,paper-3301_study_on_gearbox_fault_warning_based_on_the_improved_m_ialo_gru_model.pdf,extraction_papers/paper-3301_study_on_gearbox_fault_warning_based_on_the_improved_m_ialo_gru_model.pdf,extraction_papers/ontocast_runs/run_retry_failed_106_gpt-5.6-luna_20260725_220000/input/paper-3301_study_on_gearbox_fault_warning_based_on_the_improved_m_ialo_gru_model.pdf,hardlink,not_attempted_after_batch_1_crash
45,paper-3304,paper-3304_vibration_based_anomaly_detection_for_induction_motors_using_machine_learning.pdf,extraction_papers/paper-3304_vibration_based_anomaly_detection_for_induction_motors_using_machine_learning.pdf,extraction_papers/ontocast_runs/run_retry_failed_106_gpt-5.6-luna_20260725_220000/input/paper-3304_vibration_based_anomaly_detection_for_induction_motors_using_machine_learning.pdf,hardlink,not_attempted_after_batch_1_crash
46,paper-3305,paper-3305_evaluating_measurement_system_capability_in_condition_monitoring_framework_and_illustration.pdf,extraction_papers/paper-3305_evaluating_measurement_system_capability_in_condition_monitoring_framework_and_illustration.pdf,extraction_papers/ontocast_runs/run_retry_failed_106_gpt-5.6-luna_20260725_220000/input/paper-3305_evaluating_measurement_system_capability_in_condition_monitoring_framework_and_illustration.pdf,hardlink,not_attempted_after_batch_1_crash
47,paper-3306,paper-3306_framework_for_addressing_imbalanced_data_in_aviation_with_federated_learning.pdf,extraction_papers/paper-3306_framework_for_addressing_imbalanced_data_in_aviation_with_federated_learning.pdf,extraction_papers/ontocast_runs/run_retry_failed_106_gpt-5.6-luna_20260725_220000/input/paper-3306_framework_for_addressing_imbalanced_data_in_aviation_with_federated_learning.pdf,hardlink,not_attempted_after_batch_1_crash
48,paper-3309,paper-3309_robot_fault_prediction_based_on_improved_gm_1_1_model_and_rbf.pdf,extraction_papers/paper-3309_robot_fault_prediction_based_on_improved_gm_1_1_model_and_rbf.pdf,extraction_papers/ontocast_runs/run_retry_failed_106_gpt-5.6-luna_20260725_220000/input/paper-3309_robot_fault_prediction_based_on_improved_gm_1_1_model_and_rbf.pdf,hardlink,not_attempted_after_batch_1_crash
49,paper-3310,paper-3310_robust_prognostics_of_impacted_composite_structures_using_an_adaptive_hidden_semi_markov_mod.pdf,extraction_papers/paper-3310_robust_prognostics_of_impacted_composite_structures_using_an_adaptive_hidden_semi_markov_mod.pdf,extraction_papers/ontocast_runs/run_retry_failed_106_gpt-5.6-luna_20260725_220000/input/paper-3310_robust_prognostics_of_impacted_composite_structures_using_an_adaptive_hidden_semi_markov_mod.pdf,hardlink,not_attempted_after_batch_1_crash
50,paper-3311,paper-3311_optimal_predictive_maintenance_for_a_nonstationary_gamma_process.pdf,extraction_papers/paper-3311_optimal_predictive_maintenance_for_a_nonstationary_gamma_process.pdf,extraction_papers/ontocast_runs/run_retry_failed_106_gpt-5.6-luna_20260725_220000/input/paper-3311_optimal_predictive_maintenance_for_a_nonstationary_gamma_process.pdf,hardlink,not_attempted_after_batch_1_crash
51,paper-3312,paper-3312_opportunistic_maintenance_for_a_novel_load_sharing_system_with_dependent_degradation_rate_an.pdf,extraction_papers/paper-3312_opportunistic_maintenance_for_a_novel_load_sharing_system_with_dependent_degradation_rate_an.pdf,extraction_papers/ontocast_runs/run_retry_failed_106_gpt-5.6-luna_20260725_220000/input/paper-3312_opportunistic_maintenance_for_a_novel_load_sharing_system_with_dependent_degradation_rate_an.pdf,hardlink,not_attempted_after_batch_1_crash
52,paper-3313,paper-3313_maintenance_decision_making_using_intelligent_prognostics_within_a_single_spare_parts_suppor.pdf,extraction_papers/paper-3313_maintenance_decision_making_using_intelligent_prognostics_within_a_single_spare_parts_suppor.pdf,extraction_papers/ontocast_runs/run_retry_failed_106_gpt-5.6-luna_20260725_220000/input/paper-3313_maintenance_decision_making_using_intelligent_prognostics_within_a_single_spare_parts_suppor.pdf,hardlink,not_attempted_after_batch_1_crash
53,paper-3316,paper-3316_joint_estimation_of_soh_and_rul_for_lithium_ion_batteries_based_on_improved_twin_support_vec.pdf,extraction_papers/paper-3316_joint_estimation_of_soh_and_rul_for_lithium_ion_batteries_based_on_improved_twin_support_vec.pdf,extraction_papers/ontocast_runs/run_retry_failed_106_gpt-5.6-luna_20260725_220000/input/paper-3316_joint_estimation_of_soh_and_rul_for_lithium_ion_batteries_based_on_improved_twin_support_vec.pdf,hardlink,not_attempted_after_batch_1_crash
54,paper-3319,paper-3319_a_comparative_analysis_of_lithium_ion_batteries_using_a_proposed_electrothermal_model_based.pdf,extraction_papers/paper-3319_a_comparative_analysis_of_lithium_ion_batteries_using_a_proposed_electrothermal_model_based.pdf,extraction_papers/ontocast_runs/run_retry_failed_106_gpt-5.6-luna_20260725_220000/input/paper-3319_a_comparative_analysis_of_lithium_ion_batteries_using_a_proposed_electrothermal_model_based.pdf,hardlink,not_attempted_after_batch_1_crash
55,paper-3321,paper-3321_a_meta_transfer_learning_prediction_method_with_few_shot_data_for_the_remaining_useful_life.pdf,extraction_papers/paper-3321_a_meta_transfer_learning_prediction_method_with_few_shot_data_for_the_remaining_useful_life.pdf,extraction_papers/ontocast_runs/run_retry_failed_106_gpt-5.6-luna_20260725_220000/input/paper-3321_a_meta_transfer_learning_prediction_method_with_few_shot_data_for_the_remaining_useful_life.pdf,hardlink,not_attempted_after_batch_1_crash
56,paper-3323,paper-3323_vibration_analysis_of_hydrodynamic_conical_journal_bearing_and_fault_prediction_using_machin.pdf,extraction_papers/paper-3323_vibration_analysis_of_hydrodynamic_conical_journal_bearing_and_fault_prediction_using_machin.pdf,extraction_papers/ontocast_runs/run_retry_failed_106_gpt-5.6-luna_20260725_220000/input/paper-3323_vibration_analysis_of_hydrodynamic_conical_journal_bearing_and_fault_prediction_using_machin.pdf,hardlink,not_attempted_after_batch_1_crash
57,paper-3326,paper-3326_integrated_residual_current_monitor_using_fiber_optics_for_medical_devices_maintenance.pdf,extraction_papers/paper-3326_integrated_residual_current_monitor_using_fiber_optics_for_medical_devices_maintenance.pdf,extraction_papers/ontocast_runs/run_retry_failed_106_gpt-5.6-luna_20260725_220000/input/paper-3326_integrated_residual_current_monitor_using_fiber_optics_for_medical_devices_maintenance.pdf,hardlink,not_attempted_after_batch_1_crash
58,paper-3327,paper-3327_biomimicry_as_a_decision_making_methodology_in_condition_monitoring.pdf,extraction_papers/paper-3327_biomimicry_as_a_decision_making_methodology_in_condition_monitoring.pdf,extraction_papers/ontocast_runs/run_retry_failed_106_gpt-5.6-luna_20260725_220000/input/paper-3327_biomimicry_as_a_decision_making_methodology_in_condition_monitoring.pdf,hardlink,not_attempted_after_batch_1_crash
59,paper-3328,paper-3328_emerging_practices_in_risk_based_maintenance_management_driven_by_industrial_transitions_mul.pdf,extraction_papers/paper-3328_emerging_practices_in_risk_based_maintenance_management_driven_by_industrial_transitions_mul.pdf,extraction_papers/ontocast_runs/run_retry_failed_106_gpt-5.6-luna_20260725_220000/input/paper-3328_emerging_practices_in_risk_based_maintenance_management_driven_by_industrial_transitions_mul.pdf,hardlink,not_attempted_after_batch_1_crash
60,paper-3334,paper-3334_a_new_holistic_approach_to_investigating_and_estimating_rolling_bearing_rul_based_on_physica.pdf,extraction_papers/paper-3334_a_new_holistic_approach_to_investigating_and_estimating_rolling_bearing_rul_based_on_physica.pdf,extraction_papers/ontocast_runs/run_retry_failed_106_gpt-5.6-luna_20260725_220000/input/paper-3334_a_new_holistic_approach_to_investigating_and_estimating_rolling_bearing_rul_based_on_physica.pdf,hardlink,not_attempted_after_batch_1_crash
61,paper-3335,paper-3335_digital_twin_models_for_real_time_failure_prediction_in_industrial_machinery.pdf,extraction_papers/paper-3335_digital_twin_models_for_real_time_failure_prediction_in_industrial_machinery.pdf,extraction_papers/ontocast_runs/run_retry_failed_106_gpt-5.6-luna_20260725_220000/input/paper-3335_digital_twin_models_for_real_time_failure_prediction_in_industrial_machinery.pdf,hardlink,not_attempted_after_batch_1_crash
62,paper-3336,paper-3336_remote_monitoring_simulation_and_diagnosis_of_electronically_controlled_marine_engines.pdf,extraction_papers/paper-3336_remote_monitoring_simulation_and_diagnosis_of_electronically_controlled_marine_engines.pdf,extraction_papers/ontocast_runs/run_retry_failed_106_gpt-5.6-luna_20260725_220000/input/paper-3336_remote_monitoring_simulation_and_diagnosis_of_electronically_controlled_marine_engines.pdf,hardlink,not_attempted_after_batch_1_crash
63,paper-3337,paper-3337_improving_predictive_maintenance_performance_using_machine_learning_and_vibration_analysis_a.pdf,extraction_papers/paper-3337_improving_predictive_maintenance_performance_using_machine_learning_and_vibration_analysis_a.pdf,extraction_papers/ontocast_runs/run_retry_failed_106_gpt-5.6-luna_20260725_220000/input/paper-3337_improving_predictive_maintenance_performance_using_machine_learning_and_vibration_analysis_a.pdf,hardlink,not_attempted_after_batch_1_crash
64,paper-3339,paper-3339_machine_learning_driven_preventive_maintenance_for_fibreboard_production_in_industry_4_0.pdf,extraction_papers/paper-3339_machine_learning_driven_preventive_maintenance_for_fibreboard_production_in_industry_4_0.pdf,extraction_papers/ontocast_runs/run_retry_failed_106_gpt-5.6-luna_20260725_220000/input/paper-3339_machine_learning_driven_preventive_maintenance_for_fibreboard_production_in_industry_4_0.pdf,hardlink,not_attempted_after_batch_1_crash
65,paper-3340,paper-3340_prediction_of_remaining_useful_life_and_downtime_of_induction_motors_with_supervised_machine.pdf,extraction_papers/paper-3340_prediction_of_remaining_useful_life_and_downtime_of_induction_motors_with_supervised_machine.pdf,extraction_papers/ontocast_runs/run_retry_failed_106_gpt-5.6-luna_20260725_220000/input/paper-3340_prediction_of_remaining_useful_life_and_downtime_of_induction_motors_with_supervised_machine.pdf,hardlink,not_attempted_after_batch_1_crash
66,paper-3346,paper-3346_signal_processing_algorithm_for_predictive_diagnostics_of_car_transmissions_using_artificial.pdf,extraction_papers/paper-3346_signal_processing_algorithm_for_predictive_diagnostics_of_car_transmissions_using_artificial.pdf,extraction_papers/ontocast_runs/run_retry_failed_106_gpt-5.6-luna_20260725_220000/input/paper-3346_signal_processing_algorithm_for_predictive_diagnostics_of_car_transmissions_using_artificial.pdf,hardlink,not_attempted_after_batch_1_crash
67,paper-3349,paper-3349_deep_learning_autoencoders_for_fast_fourier_transform_based_clustering_and_temporal_damage_e.pdf,extraction_papers/paper-3349_deep_learning_autoencoders_for_fast_fourier_transform_based_clustering_and_temporal_damage_e.pdf,extraction_papers/ontocast_runs/run_retry_failed_106_gpt-5.6-luna_20260725_220000/input/paper-3349_deep_learning_autoencoders_for_fast_fourier_transform_based_clustering_and_temporal_damage_e.pdf,hardlink,not_attempted_after_batch_1_crash
68,paper-3350,paper-3350_design_and_implementation_iot_driven_distribution_transformer_health_monitoring_system_for_t.pdf,extraction_papers/paper-3350_design_and_implementation_iot_driven_distribution_transformer_health_monitoring_system_for_t.pdf,extraction_papers/ontocast_runs/run_retry_failed_106_gpt-5.6-luna_20260725_220000/input/paper-3350_design_and_implementation_iot_driven_distribution_transformer_health_monitoring_system_for_t.pdf,hardlink,not_attempted_after_batch_1_crash
69,paper-3352,paper-3352_an_improved_nonlinear_health_index_crrms_for_the_remaining_useful_life_prediction_of_rolling.pdf,extraction_papers/paper-3352_an_improved_nonlinear_health_index_crrms_for_the_remaining_useful_life_prediction_of_rolling.pdf,extraction_papers/ontocast_runs/run_retry_failed_106_gpt-5.6-luna_20260725_220000/input/paper-3352_an_improved_nonlinear_health_index_crrms_for_the_remaining_useful_life_prediction_of_rolling.pdf,hardlink,not_attempted_after_batch_1_crash
70,paper-3354,paper-3354_out_of_roundness_wheel_damage_identification_in_railway_vehicles_using_autoencoder_models.pdf,extraction_papers/paper-3354_out_of_roundness_wheel_damage_identification_in_railway_vehicles_using_autoencoder_models.pdf,extraction_papers/ontocast_runs/run_retry_failed_106_gpt-5.6-luna_20260725_220000/input/paper-3354_out_of_roundness_wheel_damage_identification_in_railway_vehicles_using_autoencoder_models.pdf,hardlink,not_attempted_after_batch_1_crash
71,paper-3356,paper-3356_a_data_driven_predictive_maintenance_approach_for_industry_4_0_using_lstm_with_cross_validat.pdf,extraction_papers/paper-3356_a_data_driven_predictive_maintenance_approach_for_industry_4_0_using_lstm_with_cross_validat.pdf,extraction_papers/ontocast_runs/run_retry_failed_106_gpt-5.6-luna_20260725_220000/input/paper-3356_a_data_driven_predictive_maintenance_approach_for_industry_4_0_using_lstm_with_cross_validat.pdf,hardlink,not_attempted_after_batch_1_crash
72,paper-3357,paper-3357_a_novel_bearing_remaining_useful_life_prediction_methodology_with_slope_based_change_point_d.pdf,extraction_papers/paper-3357_a_novel_bearing_remaining_useful_life_prediction_methodology_with_slope_based_change_point_d.pdf,extraction_papers/ontocast_runs/run_retry_failed_106_gpt-5.6-luna_20260725_220000/input/paper-3357_a_novel_bearing_remaining_useful_life_prediction_methodology_with_slope_based_change_point_d.pdf,hardlink,not_attempted_after_batch_1_crash
73,paper-3359,paper-3359_remaining_useful_life_prediction_based_on_cross_temporal_dynamic_graph_convolutional_network.pdf,extraction_papers/paper-3359_remaining_useful_life_prediction_based_on_cross_temporal_dynamic_graph_convolutional_network.pdf,extraction_papers/ontocast_runs/run_retry_failed_106_gpt-5.6-luna_20260725_220000/input/paper-3359_remaining_useful_life_prediction_based_on_cross_temporal_dynamic_graph_convolutional_network.pdf,hardlink,not_attempted_after_batch_1_crash
74,paper-3360,paper-3360_servo_motor_predictive_maintenance_by_kafka_streams_and_deep_learning_based_on_acoustic_data.pdf,extraction_papers/paper-3360_servo_motor_predictive_maintenance_by_kafka_streams_and_deep_learning_based_on_acoustic_data.pdf,extraction_papers/ontocast_runs/run_retry_failed_106_gpt-5.6-luna_20260725_220000/input/paper-3360_servo_motor_predictive_maintenance_by_kafka_streams_and_deep_learning_based_on_acoustic_data.pdf,hardlink,not_attempted_after_batch_1_crash
75,paper-3362,paper-3362_performance_comparison_of_machine_learning_algorithms_for_condition_monitoring_of_tapered_ro.pdf,extraction_papers/paper-3362_performance_comparison_of_machine_learning_algorithms_for_condition_monitoring_of_tapered_ro.pdf,extraction_papers/ontocast_runs/run_retry_failed_106_gpt-5.6-luna_20260725_220000/input/paper-3362_performance_comparison_of_machine_learning_algorithms_for_condition_monitoring_of_tapered_ro.pdf,hardlink,not_attempted_after_batch_1_crash
76,paper-3363,paper-3363_failure_prediction_with_weibull_distribution.pdf,extraction_papers/paper-3363_failure_prediction_with_weibull_distribution.pdf,extraction_papers/ontocast_runs/run_retry_failed_106_gpt-5.6-luna_20260725_220000/input/paper-3363_failure_prediction_with_weibull_distribution.pdf,hardlink,not_attempted_after_batch_1_crash
77,paper-3364,paper-3364_a_modelling_approach_for_asset_degradation_advancing_digital_twin_in_maintenance.pdf,extraction_papers/paper-3364_a_modelling_approach_for_asset_degradation_advancing_digital_twin_in_maintenance.pdf,extraction_papers/ontocast_runs/run_retry_failed_106_gpt-5.6-luna_20260725_220000/input/paper-3364_a_modelling_approach_for_asset_degradation_advancing_digital_twin_in_maintenance.pdf,hardlink,not_attempted_after_batch_1_crash
78,paper-3365,paper-3365_industrial_robot_control_system_with_a_predictive_maintenance_module_using_iiot_technology.pdf,extraction_papers/paper-3365_industrial_robot_control_system_with_a_predictive_maintenance_module_using_iiot_technology.pdf,extraction_papers/ontocast_runs/run_retry_failed_106_gpt-5.6-luna_20260725_220000/input/paper-3365_industrial_robot_control_system_with_a_predictive_maintenance_module_using_iiot_technology.pdf,hardlink,not_attempted_after_batch_1_crash
79,paper-3369,paper-3369_enhancing_fault_detection_in_industry_4_0_by_introducing_a_power_and_fault_behavior_monitori.pdf,extraction_papers/paper-3369_enhancing_fault_detection_in_industry_4_0_by_introducing_a_power_and_fault_behavior_monitori.pdf,extraction_papers/ontocast_runs/run_retry_failed_106_gpt-5.6-luna_20260725_220000/input/paper-3369_enhancing_fault_detection_in_industry_4_0_by_introducing_a_power_and_fault_behavior_monitori.pdf,hardlink,not_attempted_after_batch_1_crash
80,paper-3376,paper-3376_a_restless_bandit_approach_for_capacitated_condition_based_maintenance_scheduling.pdf,extraction_papers/paper-3376_a_restless_bandit_approach_for_capacitated_condition_based_maintenance_scheduling.pdf,extraction_papers/ontocast_runs/run_retry_failed_106_gpt-5.6-luna_20260725_220000/input/paper-3376_a_restless_bandit_approach_for_capacitated_condition_based_maintenance_scheduling.pdf,hardlink,not_attempted_after_batch_1_crash
81,paper-3379,paper-3379_analog_frontend_for_big_data_compression_and_instantaneous_failure_prediction_in_power_manag.pdf,extraction_papers/paper-3379_analog_frontend_for_big_data_compression_and_instantaneous_failure_prediction_in_power_manag.pdf,extraction_papers/ontocast_runs/run_retry_failed_106_gpt-5.6-luna_20260725_220000/input/paper-3379_analog_frontend_for_big_data_compression_and_instantaneous_failure_prediction_in_power_manag.pdf,hardlink,not_attempted_after_batch_1_crash
82,paper-3381,paper-3381_industrial_part_faults_prediction_for_nonlinearity_and_implied_temporal_sequences.pdf,extraction_papers/paper-3381_industrial_part_faults_prediction_for_nonlinearity_and_implied_temporal_sequences.pdf,extraction_papers/ontocast_runs/run_retry_failed_106_gpt-5.6-luna_20260725_220000/input/paper-3381_industrial_part_faults_prediction_for_nonlinearity_and_implied_temporal_sequences.pdf,hardlink,not_attempted_after_batch_1_crash
83,paper-3382,paper-3382_a_practical_comparison_of_data_driven_prognostics_methods_for_energy_systems.pdf,extraction_papers/paper-3382_a_practical_comparison_of_data_driven_prognostics_methods_for_energy_systems.pdf,extraction_papers/ontocast_runs/run_retry_failed_106_gpt-5.6-luna_20260725_220000/input/paper-3382_a_practical_comparison_of_data_driven_prognostics_methods_for_energy_systems.pdf,hardlink,not_attempted_after_batch_1_crash
84,paper-3383,paper-3383_condition_monitoring_of_axial_piston_pumps_based_on_machine_learning_driven_real_time_cfd_si.pdf,extraction_papers/paper-3383_condition_monitoring_of_axial_piston_pumps_based_on_machine_learning_driven_real_time_cfd_si.pdf,extraction_papers/ontocast_runs/run_retry_failed_106_gpt-5.6-luna_20260725_220000/input/paper-3383_condition_monitoring_of_axial_piston_pumps_based_on_machine_learning_driven_real_time_cfd_si.pdf,hardlink,not_attempted_after_batch_1_crash
85,paper-3385,paper-3385_real_time_failure_prediction_of_roadms_by_gan_enhanced_machine_learning.pdf,extraction_papers/paper-3385_real_time_failure_prediction_of_roadms_by_gan_enhanced_machine_learning.pdf,extraction_papers/ontocast_runs/run_retry_failed_106_gpt-5.6-luna_20260725_220000/input/paper-3385_real_time_failure_prediction_of_roadms_by_gan_enhanced_machine_learning.pdf,hardlink,not_attempted_after_batch_1_crash
86,paper-2552,paper-2552_multiband_multisine_excitation_signal_for_online_impedance_spectroscopy_of_battery_cells.pdf,extraction_papers/paper-2552_multiband_multisine_excitation_signal_for_online_impedance_spectroscopy_of_battery_cells.pdf,extraction_papers/ontocast_runs/run_retry_failed_106_gpt-5.6-luna_20260725_220000/input/paper-2552_multiband_multisine_excitation_signal_for_online_impedance_spectroscopy_of_battery_cells.pdf,hardlink,failed_in_batch_1
87,paper-2621,paper-2621_data_augmentation_for_damaged_scenarios_in_floating_offshore_wind_turbines_an_approach_based.pdf,extraction_papers/paper-2621_data_augmentation_for_damaged_scenarios_in_floating_offshore_wind_turbines_an_approach_based.pdf,extraction_papers/ontocast_runs/run_retry_failed_106_gpt-5.6-luna_20260725_220000/input/paper-2621_data_augmentation_for_damaged_scenarios_in_floating_offshore_wind_turbines_an_approach_based.pdf,hardlink,failed_in_batch_1
88,paper-2704,paper-2704_predicting_filter_medium_performances_in_chamber_filter_presses_with_digital_twins_using_neu.pdf,extraction_papers/paper-2704_predicting_filter_medium_performances_in_chamber_filter_presses_with_digital_twins_using_neu.pdf,extraction_papers/ontocast_runs/run_retry_failed_106_gpt-5.6-luna_20260725_220000/input/paper-2704_predicting_filter_medium_performances_in_chamber_filter_presses_with_digital_twins_using_neu.pdf,hardlink,failed_in_batch_1
89,paper-2731,paper-2731_integrating_spare_part_inventory_management_and_predictive_maintenance_as_a_digital_supply_c.pdf,extraction_papers/paper-2731_integrating_spare_part_inventory_management_and_predictive_maintenance_as_a_digital_supply_c.pdf,extraction_papers/ontocast_runs/run_retry_failed_106_gpt-5.6-luna_20260725_220000/input/paper-2731_integrating_spare_part_inventory_management_and_predictive_maintenance_as_a_digital_supply_c.pdf,hardlink,failed_in_batch_1
90,paper-2904,paper-2904_data_driven_battery_remaining_life_prediction_based_on_resnet_with_ga_optimization.pdf,extraction_papers/paper-2904_data_driven_battery_remaining_life_prediction_based_on_resnet_with_ga_optimization.pdf,extraction_papers/ontocast_runs/run_retry_failed_106_gpt-5.6-luna_20260725_220000/input/paper-2904_data_driven_battery_remaining_life_prediction_based_on_resnet_with_ga_optimization.pdf,hardlink,failed_in_batch_1
91,paper-2933,paper-2933_dynamic_multibody_modeling_of_spherical_roller_bearings_with_localized_defects_for_large_sca.pdf,extraction_papers/paper-2933_dynamic_multibody_modeling_of_spherical_roller_bearings_with_localized_defects_for_large_sca.pdf,extraction_papers/ontocast_runs/run_retry_failed_106_gpt-5.6-luna_20260725_220000/input/paper-2933_dynamic_multibody_modeling_of_spherical_roller_bearings_with_localized_defects_for_large_sca.pdf,hardlink,failed_in_batch_1
92,paper-3050,paper-3050_autonomous_structural_health_monitoring_and_remaining_useful_life_estimation_of_floating_off.pdf,extraction_papers/paper-3050_autonomous_structural_health_monitoring_and_remaining_useful_life_estimation_of_floating_off.pdf,extraction_papers/ontocast_runs/run_retry_failed_106_gpt-5.6-luna_20260725_220000/input/paper-3050_autonomous_structural_health_monitoring_and_remaining_useful_life_estimation_of_floating_off.pdf,hardlink,failed_in_batch_1
93,paper-3064,paper-3064_predictive_maintenance_algorithm_of_a_six_dof_robotic_arm_using_gradient_boosting_regression.pdf,extraction_papers/paper-3064_predictive_maintenance_algorithm_of_a_six_dof_robotic_arm_using_gradient_boosting_regression.pdf,extraction_papers/ontocast_runs/run_retry_failed_106_gpt-5.6-luna_20260725_220000/input/paper-3064_predictive_maintenance_algorithm_of_a_six_dof_robotic_arm_using_gradient_boosting_regression.pdf,hardlink,failed_in_batch_1
94,paper-3436,paper-3436_measures_to_prevent_damage_and_to_extent_the_service_life_of_a_rotary_excavator.pdf,extraction_papers/paper-3436_measures_to_prevent_damage_and_to_extent_the_service_life_of_a_rotary_excavator.pdf,extraction_papers/ontocast_runs/run_retry_failed_106_gpt-5.6-luna_20260725_220000/input/paper-3436_measures_to_prevent_damage_and_to_extent_the_service_life_of_a_rotary_excavator.pdf,hardlink,failed_in_batch_2
95,paper-3437,paper-3437_remaining_useful_life_estimation_with_coupling_dual_random_effects_based_on_nonlinear_wiener.pdf,extraction_papers/paper-3437_remaining_useful_life_estimation_with_coupling_dual_random_effects_based_on_nonlinear_wiener.pdf,extraction_papers/ontocast_runs/run_retry_failed_106_gpt-5.6-luna_20260725_220000/input/paper-3437_remaining_useful_life_estimation_with_coupling_dual_random_effects_based_on_nonlinear_wiener.pdf,hardlink,failed_in_batch_2
96,paper-3441,paper-3441_end_to_end_methodology_for_predictive_maintenance_based_on_fingerprint_routines_and_anomaly.pdf,extraction_papers/paper-3441_end_to_end_methodology_for_predictive_maintenance_based_on_fingerprint_routines_and_anomaly.pdf,extraction_papers/ontocast_runs/run_retry_failed_106_gpt-5.6-luna_20260725_220000/input/paper-3441_end_to_end_methodology_for_predictive_maintenance_based_on_fingerprint_routines_and_anomaly.pdf,hardlink,failed_in_batch_2
97,paper-3442,paper-3442_structural_properties_of_optimal_maintenance_policies_for_k_out_of_n_systems_with_interdepen.pdf,extraction_papers/paper-3442_structural_properties_of_optimal_maintenance_policies_for_k_out_of_n_systems_with_interdepen.pdf,extraction_papers/ontocast_runs/run_retry_failed_106_gpt-5.6-luna_20260725_220000/input/paper-3442_structural_properties_of_optimal_maintenance_policies_for_k_out_of_n_systems_with_interdepen.pdf,hardlink,failed_in_batch_2
98,paper-3447,paper-3447_identification_of_operational_deflection_shapes_of_a_wind_turbine_gearbox_using_fiber_optic.pdf,extraction_papers/paper-3447_identification_of_operational_deflection_shapes_of_a_wind_turbine_gearbox_using_fiber_optic.pdf,extraction_papers/ontocast_runs/run_retry_failed_106_gpt-5.6-luna_20260725_220000/input/paper-3447_identification_of_operational_deflection_shapes_of_a_wind_turbine_gearbox_using_fiber_optic.pdf,hardlink,failed_in_batch_2
99,paper-3492,paper-3492_integrated_model_based_control_allocation_strategies_oriented_to_predictive_maintenance_of_s.pdf,extraction_papers/paper-3492_integrated_model_based_control_allocation_strategies_oriented_to_predictive_maintenance_of_s.pdf,extraction_papers/ontocast_runs/run_retry_failed_106_gpt-5.6-luna_20260725_220000/input/paper-3492_integrated_model_based_control_allocation_strategies_oriented_to_predictive_maintenance_of_s.pdf,hardlink,failed_in_batch_2
100,paper-3554,paper-3554_availability_and_maintenance_modeling_of_competing_risk_system_based_on_sequential_health_mo.pdf,extraction_papers/paper-3554_availability_and_maintenance_modeling_of_competing_risk_system_based_on_sequential_health_mo.pdf,extraction_papers/ontocast_runs/run_retry_failed_106_gpt-5.6-luna_20260725_220000/input/paper-3554_availability_and_maintenance_modeling_of_competing_risk_system_based_on_sequential_health_mo.pdf,hardlink,failed_in_batch_2
101,paper-3658,paper-3658_temperature_characteristics_of_axle_box_bearings_under_wheel_flat_excitation.pdf,extraction_papers/paper-3658_temperature_characteristics_of_axle_box_bearings_under_wheel_flat_excitation.pdf,extraction_papers/ontocast_runs/run_retry_failed_106_gpt-5.6-luna_20260725_220000/input/paper-3658_temperature_characteristics_of_axle_box_bearings_under_wheel_flat_excitation.pdf,hardlink,failed_in_batch_2
102,paper-3769,paper-3769_comparative_analysis_of_machine_learning_algorithms_for_flow_rate_prediction_in_optimizing_p.pdf,extraction_papers/paper-3769_comparative_analysis_of_machine_learning_algorithms_for_flow_rate_prediction_in_optimizing_p.pdf,extraction_papers/ontocast_runs/run_retry_failed_106_gpt-5.6-luna_20260725_220000/input/paper-3769_comparative_analysis_of_machine_learning_algorithms_for_flow_rate_prediction_in_optimizing_p.pdf,hardlink,failed_in_batch_2
103,paper-3844,paper-3844_generalised_envelope_spectrum_based_signal_to_noise_objectives_formulation_optimisation_and.pdf,extraction_papers/paper-3844_generalised_envelope_spectrum_based_signal_to_noise_objectives_formulation_optimisation_and.pdf,extraction_papers/ontocast_runs/run_retry_failed_106_gpt-5.6-luna_20260725_220000/input/paper-3844_generalised_envelope_spectrum_based_signal_to_noise_objectives_formulation_optimisation_and.pdf,hardlink,failed_in_batch_2
104,paper-3876,paper-3876_an_advanced_structural_health_monitoring_iot_platform_for_offshore_wind_turbine_blades.pdf,extraction_papers/paper-3876_an_advanced_structural_health_monitoring_iot_platform_for_offshore_wind_turbine_blades.pdf,extraction_papers/ontocast_runs/run_retry_failed_106_gpt-5.6-luna_20260725_220000/input/paper-3876_an_advanced_structural_health_monitoring_iot_platform_for_offshore_wind_turbine_blades.pdf,hardlink,failed_in_batch_2
105,paper-3931,paper-3931_a_digital_twin_model_within_the_framework_of_a_digital_healthcare_engineering_system_for_agi.pdf,extraction_papers/paper-3931_a_digital_twin_model_within_the_framework_of_a_digital_healthcare_engineering_system_for_agi.pdf,extraction_papers/ontocast_runs/run_retry_failed_106_gpt-5.6-luna_20260725_220000/input/paper-3931_a_digital_twin_model_within_the_framework_of_a_digital_healthcare_engineering_system_for_agi.pdf,hardlink,failed_in_batch_2
106,paper-3945,paper-3945_prediction_of_the_remaining_service_life_of_pumping_unit_elements_based_on_regularization_of.pdf,extraction_papers/paper-3945_prediction_of_the_remaining_service_life_of_pumping_unit_elements_based_on_regularization_of.pdf,extraction_papers/ontocast_runs/run_retry_failed_106_gpt-5.6-luna_20260725_220000/input/paper-3945_prediction_of_the_remaining_service_life_of_pumping_unit_elements_based_on_regularization_of.pdf,hardlink,failed_in_batch_2
