batch_index,corpus_id,filename,source_path,staged_path,staged_by,resume_staged_path,resume_staged_by
384,paper-2120,paper-2120_sampling_based_next_event_prediction_for_wind_turbine_maintenance_processes.pdf,extraction_papers/paper-2120_sampling_based_next_event_prediction_for_wind_turbine_maintenance_processes.pdf,extraction_papers/ontocast_runs/run_500_more_20260721_105503/input/paper-2120_sampling_based_next_event_prediction_for_wind_turbine_maintenance_processes.pdf,hardlink,extraction_papers/ontocast_runs/run_500_more_20260721_105503/input_resume_0384_0500/paper-2120_sampling_based_next_event_prediction_for_wind_turbine_maintenance_processes.pdf,hardlink
385,paper-2122,paper-2122_a_reproducible_pipeline_for_leveraging_operational_data_through_machine_learning_in_digitall.pdf,extraction_papers/paper-2122_a_reproducible_pipeline_for_leveraging_operational_data_through_machine_learning_in_digitall.pdf,extraction_papers/ontocast_runs/run_500_more_20260721_105503/input/paper-2122_a_reproducible_pipeline_for_leveraging_operational_data_through_machine_learning_in_digitall.pdf,hardlink,extraction_papers/ontocast_runs/run_500_more_20260721_105503/input_resume_0384_0500/paper-2122_a_reproducible_pipeline_for_leveraging_operational_data_through_machine_learning_in_digitall.pdf,hardlink
386,paper-2125,paper-2125_audible_noise_based_hardware_system_for_acoustic_monitoring_in_wind_turbines.pdf,extraction_papers/paper-2125_audible_noise_based_hardware_system_for_acoustic_monitoring_in_wind_turbines.pdf,extraction_papers/ontocast_runs/run_500_more_20260721_105503/input/paper-2125_audible_noise_based_hardware_system_for_acoustic_monitoring_in_wind_turbines.pdf,hardlink,extraction_papers/ontocast_runs/run_500_more_20260721_105503/input_resume_0384_0500/paper-2125_audible_noise_based_hardware_system_for_acoustic_monitoring_in_wind_turbines.pdf,hardlink
387,paper-2126,paper-2126_dual_branch_deep_learning_with_dynamic_stage_detection_for_ct_tube_life_prediction.pdf,extraction_papers/paper-2126_dual_branch_deep_learning_with_dynamic_stage_detection_for_ct_tube_life_prediction.pdf,extraction_papers/ontocast_runs/run_500_more_20260721_105503/input/paper-2126_dual_branch_deep_learning_with_dynamic_stage_detection_for_ct_tube_life_prediction.pdf,hardlink,extraction_papers/ontocast_runs/run_500_more_20260721_105503/input_resume_0384_0500/paper-2126_dual_branch_deep_learning_with_dynamic_stage_detection_for_ct_tube_life_prediction.pdf,hardlink
388,paper-2128,paper-2128_graph_based_fault_diagnosis_for_rotating_machinery_adaptive_segmentation_and_structural_feat.pdf,extraction_papers/paper-2128_graph_based_fault_diagnosis_for_rotating_machinery_adaptive_segmentation_and_structural_feat.pdf,extraction_papers/ontocast_runs/run_500_more_20260721_105503/input/paper-2128_graph_based_fault_diagnosis_for_rotating_machinery_adaptive_segmentation_and_structural_feat.pdf,hardlink,extraction_papers/ontocast_runs/run_500_more_20260721_105503/input_resume_0384_0500/paper-2128_graph_based_fault_diagnosis_for_rotating_machinery_adaptive_segmentation_and_structural_feat.pdf,hardlink
389,paper-2129,paper-2129_life_prediction_and_health_assessment_of_aero_engine_gas_path_using_digital_twin_and_deep_le.pdf,extraction_papers/paper-2129_life_prediction_and_health_assessment_of_aero_engine_gas_path_using_digital_twin_and_deep_le.pdf,extraction_papers/ontocast_runs/run_500_more_20260721_105503/input/paper-2129_life_prediction_and_health_assessment_of_aero_engine_gas_path_using_digital_twin_and_deep_le.pdf,hardlink,extraction_papers/ontocast_runs/run_500_more_20260721_105503/input_resume_0384_0500/paper-2129_life_prediction_and_health_assessment_of_aero_engine_gas_path_using_digital_twin_and_deep_le.pdf,hardlink
390,paper-2133,paper-2133_a_lightweight_transformer_edge_intelligence_model_for_rul_prediction_classification.pdf,extraction_papers/paper-2133_a_lightweight_transformer_edge_intelligence_model_for_rul_prediction_classification.pdf,extraction_papers/ontocast_runs/run_500_more_20260721_105503/input/paper-2133_a_lightweight_transformer_edge_intelligence_model_for_rul_prediction_classification.pdf,hardlink,extraction_papers/ontocast_runs/run_500_more_20260721_105503/input_resume_0384_0500/paper-2133_a_lightweight_transformer_edge_intelligence_model_for_rul_prediction_classification.pdf,hardlink
391,paper-2134,paper-2134_self_calibrating_tsep_for_junction_temperature_and_rul_prediction_in_gan_hemts.pdf,extraction_papers/paper-2134_self_calibrating_tsep_for_junction_temperature_and_rul_prediction_in_gan_hemts.pdf,extraction_papers/ontocast_runs/run_500_more_20260721_105503/input/paper-2134_self_calibrating_tsep_for_junction_temperature_and_rul_prediction_in_gan_hemts.pdf,hardlink,extraction_papers/ontocast_runs/run_500_more_20260721_105503/input_resume_0384_0500/paper-2134_self_calibrating_tsep_for_junction_temperature_and_rul_prediction_in_gan_hemts.pdf,hardlink
392,paper-2137,paper-2137_benchmarking_control_strategies_for_multi_component_degradation_mcd_detection_in_digital_twi.pdf,extraction_papers/paper-2137_benchmarking_control_strategies_for_multi_component_degradation_mcd_detection_in_digital_twi.pdf,extraction_papers/ontocast_runs/run_500_more_20260721_105503/input/paper-2137_benchmarking_control_strategies_for_multi_component_degradation_mcd_detection_in_digital_twi.pdf,hardlink,extraction_papers/ontocast_runs/run_500_more_20260721_105503/input_resume_0384_0500/paper-2137_benchmarking_control_strategies_for_multi_component_degradation_mcd_detection_in_digital_twi.pdf,hardlink
393,paper-2142,paper-2142_neural_network_based_estimation_of_gear_safety_factors_from_iso_based_simulations.pdf,extraction_papers/paper-2142_neural_network_based_estimation_of_gear_safety_factors_from_iso_based_simulations.pdf,extraction_papers/ontocast_runs/run_500_more_20260721_105503/input/paper-2142_neural_network_based_estimation_of_gear_safety_factors_from_iso_based_simulations.pdf,hardlink,extraction_papers/ontocast_runs/run_500_more_20260721_105503/input_resume_0384_0500/paper-2142_neural_network_based_estimation_of_gear_safety_factors_from_iso_based_simulations.pdf,hardlink
394,paper-2144,paper-2144_analysis_of_uncertainty_in_conveyor_belt_condition_assessment_using_time_based_indicators.pdf,extraction_papers/paper-2144_analysis_of_uncertainty_in_conveyor_belt_condition_assessment_using_time_based_indicators.pdf,extraction_papers/ontocast_runs/run_500_more_20260721_105503/input/paper-2144_analysis_of_uncertainty_in_conveyor_belt_condition_assessment_using_time_based_indicators.pdf,hardlink,extraction_papers/ontocast_runs/run_500_more_20260721_105503/input_resume_0384_0500/paper-2144_analysis_of_uncertainty_in_conveyor_belt_condition_assessment_using_time_based_indicators.pdf,hardlink
395,paper-2146,paper-2146_self_powered_in_situ_sensing_for_planetary_gearbox_via_floating_freestanding_layer_mode_trib.pdf,extraction_papers/paper-2146_self_powered_in_situ_sensing_for_planetary_gearbox_via_floating_freestanding_layer_mode_trib.pdf,extraction_papers/ontocast_runs/run_500_more_20260721_105503/input/paper-2146_self_powered_in_situ_sensing_for_planetary_gearbox_via_floating_freestanding_layer_mode_trib.pdf,hardlink,extraction_papers/ontocast_runs/run_500_more_20260721_105503/input_resume_0384_0500/paper-2146_self_powered_in_situ_sensing_for_planetary_gearbox_via_floating_freestanding_layer_mode_trib.pdf,hardlink
396,paper-2148,paper-2148_spatial_temporal_hotspot_management_of_photovoltaic_modules_based_on_fiber_bragg_grating_sen.pdf,extraction_papers/paper-2148_spatial_temporal_hotspot_management_of_photovoltaic_modules_based_on_fiber_bragg_grating_sen.pdf,extraction_papers/ontocast_runs/run_500_more_20260721_105503/input/paper-2148_spatial_temporal_hotspot_management_of_photovoltaic_modules_based_on_fiber_bragg_grating_sen.pdf,hardlink,extraction_papers/ontocast_runs/run_500_more_20260721_105503/input_resume_0384_0500/paper-2148_spatial_temporal_hotspot_management_of_photovoltaic_modules_based_on_fiber_bragg_grating_sen.pdf,hardlink
397,paper-2151,paper-2151_analysis_of_the_state_and_fault_detection_of_a_plastic_injection_machine_a_machine_learning.pdf,extraction_papers/paper-2151_analysis_of_the_state_and_fault_detection_of_a_plastic_injection_machine_a_machine_learning.pdf,extraction_papers/ontocast_runs/run_500_more_20260721_105503/input/paper-2151_analysis_of_the_state_and_fault_detection_of_a_plastic_injection_machine_a_machine_learning.pdf,hardlink,extraction_papers/ontocast_runs/run_500_more_20260721_105503/input_resume_0384_0500/paper-2151_analysis_of_the_state_and_fault_detection_of_a_plastic_injection_machine_a_machine_learning.pdf,hardlink
398,paper-2153,paper-2153_an_end_to_end_approach_based_on_a_bidirectional_long_short_term_memory_neural_network_for_di.pdf,extraction_papers/paper-2153_an_end_to_end_approach_based_on_a_bidirectional_long_short_term_memory_neural_network_for_di.pdf,extraction_papers/ontocast_runs/run_500_more_20260721_105503/input/paper-2153_an_end_to_end_approach_based_on_a_bidirectional_long_short_term_memory_neural_network_for_di.pdf,hardlink,extraction_papers/ontocast_runs/run_500_more_20260721_105503/input_resume_0384_0500/paper-2153_an_end_to_end_approach_based_on_a_bidirectional_long_short_term_memory_neural_network_for_di.pdf,hardlink
399,paper-2155,paper-2155_vibration_based_gearbox_fault_diagnosis_using_a_multi_scale_convolutional_neural_network_wit.pdf,extraction_papers/paper-2155_vibration_based_gearbox_fault_diagnosis_using_a_multi_scale_convolutional_neural_network_wit.pdf,extraction_papers/ontocast_runs/run_500_more_20260721_105503/input/paper-2155_vibration_based_gearbox_fault_diagnosis_using_a_multi_scale_convolutional_neural_network_wit.pdf,hardlink,extraction_papers/ontocast_runs/run_500_more_20260721_105503/input_resume_0384_0500/paper-2155_vibration_based_gearbox_fault_diagnosis_using_a_multi_scale_convolutional_neural_network_wit.pdf,hardlink
400,paper-2157,paper-2157_predictive_reliability_driven_optimization_of_spare_parts_management_in_aircraft_fleets_usin.pdf,extraction_papers/paper-2157_predictive_reliability_driven_optimization_of_spare_parts_management_in_aircraft_fleets_usin.pdf,extraction_papers/ontocast_runs/run_500_more_20260721_105503/input/paper-2157_predictive_reliability_driven_optimization_of_spare_parts_management_in_aircraft_fleets_usin.pdf,hardlink,extraction_papers/ontocast_runs/run_500_more_20260721_105503/input_resume_0384_0500/paper-2157_predictive_reliability_driven_optimization_of_spare_parts_management_in_aircraft_fleets_usin.pdf,hardlink
401,paper-2158,paper-2158_a_deep_learning_based_diagnostic_framework_for_shaft_earthing_brush_faults_in_large_turbine.pdf,extraction_papers/paper-2158_a_deep_learning_based_diagnostic_framework_for_shaft_earthing_brush_faults_in_large_turbine.pdf,extraction_papers/ontocast_runs/run_500_more_20260721_105503/input/paper-2158_a_deep_learning_based_diagnostic_framework_for_shaft_earthing_brush_faults_in_large_turbine.pdf,hardlink,extraction_papers/ontocast_runs/run_500_more_20260721_105503/input_resume_0384_0500/paper-2158_a_deep_learning_based_diagnostic_framework_for_shaft_earthing_brush_faults_in_large_turbine.pdf,hardlink
402,paper-2160,paper-2160_future_directions_in_wind_energy_automation_robotic_maintenance_and_cutting_edge_communicati.pdf,extraction_papers/paper-2160_future_directions_in_wind_energy_automation_robotic_maintenance_and_cutting_edge_communicati.pdf,extraction_papers/ontocast_runs/run_500_more_20260721_105503/input/paper-2160_future_directions_in_wind_energy_automation_robotic_maintenance_and_cutting_edge_communicati.pdf,hardlink,extraction_papers/ontocast_runs/run_500_more_20260721_105503/input_resume_0384_0500/paper-2160_future_directions_in_wind_energy_automation_robotic_maintenance_and_cutting_edge_communicati.pdf,hardlink
403,paper-2161,paper-2161_reducing_oil_waste_through_condition_based_maintenance_a_diagnostic_study_using_ftir_and_vis.pdf,extraction_papers/paper-2161_reducing_oil_waste_through_condition_based_maintenance_a_diagnostic_study_using_ftir_and_vis.pdf,extraction_papers/ontocast_runs/run_500_more_20260721_105503/input/paper-2161_reducing_oil_waste_through_condition_based_maintenance_a_diagnostic_study_using_ftir_and_vis.pdf,hardlink,extraction_papers/ontocast_runs/run_500_more_20260721_105503/input_resume_0384_0500/paper-2161_reducing_oil_waste_through_condition_based_maintenance_a_diagnostic_study_using_ftir_and_vis.pdf,hardlink
404,paper-2164,paper-2164_a_novel_back_propagation_neural_network_based_on_the_harris_hawks_optimization_algorithm_for.pdf,extraction_papers/paper-2164_a_novel_back_propagation_neural_network_based_on_the_harris_hawks_optimization_algorithm_for.pdf,extraction_papers/ontocast_runs/run_500_more_20260721_105503/input/paper-2164_a_novel_back_propagation_neural_network_based_on_the_harris_hawks_optimization_algorithm_for.pdf,hardlink,extraction_papers/ontocast_runs/run_500_more_20260721_105503/input_resume_0384_0500/paper-2164_a_novel_back_propagation_neural_network_based_on_the_harris_hawks_optimization_algorithm_for.pdf,hardlink
405,paper-2165,paper-2165_a_study_on_tool_breakage_detection_technology_based_on_current_sensing_and_non_contact_signa.pdf,extraction_papers/paper-2165_a_study_on_tool_breakage_detection_technology_based_on_current_sensing_and_non_contact_signa.pdf,extraction_papers/ontocast_runs/run_500_more_20260721_105503/input/paper-2165_a_study_on_tool_breakage_detection_technology_based_on_current_sensing_and_non_contact_signa.pdf,hardlink,extraction_papers/ontocast_runs/run_500_more_20260721_105503/input_resume_0384_0500/paper-2165_a_study_on_tool_breakage_detection_technology_based_on_current_sensing_and_non_contact_signa.pdf,hardlink
406,paper-2166,paper-2166_digital_twin_enabled_monitoring_and_modeling_of_substation_secondary_systems_in_distributed.pdf,extraction_papers/paper-2166_digital_twin_enabled_monitoring_and_modeling_of_substation_secondary_systems_in_distributed.pdf,extraction_papers/ontocast_runs/run_500_more_20260721_105503/input/paper-2166_digital_twin_enabled_monitoring_and_modeling_of_substation_secondary_systems_in_distributed.pdf,hardlink,extraction_papers/ontocast_runs/run_500_more_20260721_105503/input_resume_0384_0500/paper-2166_digital_twin_enabled_monitoring_and_modeling_of_substation_secondary_systems_in_distributed.pdf,hardlink
407,paper-2180,paper-2180_a_novel_condition_monitoring_technique_for_mining_ground_engagement_tools_via_modal_analysis.pdf,extraction_papers/paper-2180_a_novel_condition_monitoring_technique_for_mining_ground_engagement_tools_via_modal_analysis.pdf,extraction_papers/ontocast_runs/run_500_more_20260721_105503/input/paper-2180_a_novel_condition_monitoring_technique_for_mining_ground_engagement_tools_via_modal_analysis.pdf,hardlink,extraction_papers/ontocast_runs/run_500_more_20260721_105503/input_resume_0384_0500/paper-2180_a_novel_condition_monitoring_technique_for_mining_ground_engagement_tools_via_modal_analysis.pdf,hardlink
408,paper-2181,paper-2181_high_speed_train_bearing_health_assessment_based_on_degradation_stages_through_diagnosis_and.pdf,extraction_papers/paper-2181_high_speed_train_bearing_health_assessment_based_on_degradation_stages_through_diagnosis_and.pdf,extraction_papers/ontocast_runs/run_500_more_20260721_105503/input/paper-2181_high_speed_train_bearing_health_assessment_based_on_degradation_stages_through_diagnosis_and.pdf,hardlink,extraction_papers/ontocast_runs/run_500_more_20260721_105503/input_resume_0384_0500/paper-2181_high_speed_train_bearing_health_assessment_based_on_degradation_stages_through_diagnosis_and.pdf,hardlink
409,paper-2183,paper-2183_a_new_method_of_remaining_useful_lifetime_estimation_for_a_degradation_process_with_random_j.pdf,extraction_papers/paper-2183_a_new_method_of_remaining_useful_lifetime_estimation_for_a_degradation_process_with_random_j.pdf,extraction_papers/ontocast_runs/run_500_more_20260721_105503/input/paper-2183_a_new_method_of_remaining_useful_lifetime_estimation_for_a_degradation_process_with_random_j.pdf,hardlink,extraction_papers/ontocast_runs/run_500_more_20260721_105503/input_resume_0384_0500/paper-2183_a_new_method_of_remaining_useful_lifetime_estimation_for_a_degradation_process_with_random_j.pdf,hardlink
410,paper-2184,paper-2184_synergistic_wset_cnn_and_confidence_driven_pseudo_labeling_for_few_shot_aero_engine_bearing.pdf,extraction_papers/paper-2184_synergistic_wset_cnn_and_confidence_driven_pseudo_labeling_for_few_shot_aero_engine_bearing.pdf,extraction_papers/ontocast_runs/run_500_more_20260721_105503/input/paper-2184_synergistic_wset_cnn_and_confidence_driven_pseudo_labeling_for_few_shot_aero_engine_bearing.pdf,hardlink,extraction_papers/ontocast_runs/run_500_more_20260721_105503/input_resume_0384_0500/paper-2184_synergistic_wset_cnn_and_confidence_driven_pseudo_labeling_for_few_shot_aero_engine_bearing.pdf,hardlink
411,paper-2185,paper-2185_towards_fault_diagnosis_interpretability_gradient_boosting_framework_for_vibration_based_det.pdf,extraction_papers/paper-2185_towards_fault_diagnosis_interpretability_gradient_boosting_framework_for_vibration_based_det.pdf,extraction_papers/ontocast_runs/run_500_more_20260721_105503/input/paper-2185_towards_fault_diagnosis_interpretability_gradient_boosting_framework_for_vibration_based_det.pdf,hardlink,extraction_papers/ontocast_runs/run_500_more_20260721_105503/input_resume_0384_0500/paper-2185_towards_fault_diagnosis_interpretability_gradient_boosting_framework_for_vibration_based_det.pdf,hardlink
412,paper-2187,paper-2187_novel_debris_material_identification_method_based_on_impedance_microsensor.pdf,extraction_papers/paper-2187_novel_debris_material_identification_method_based_on_impedance_microsensor.pdf,extraction_papers/ontocast_runs/run_500_more_20260721_105503/input/paper-2187_novel_debris_material_identification_method_based_on_impedance_microsensor.pdf,hardlink,extraction_papers/ontocast_runs/run_500_more_20260721_105503/input_resume_0384_0500/paper-2187_novel_debris_material_identification_method_based_on_impedance_microsensor.pdf,hardlink
413,paper-2188,paper-2188_heterogeneous_information_fusion_for_robot_based_automated_monitoring_of_bearings_in_harsh_e.pdf,extraction_papers/paper-2188_heterogeneous_information_fusion_for_robot_based_automated_monitoring_of_bearings_in_harsh_e.pdf,extraction_papers/ontocast_runs/run_500_more_20260721_105503/input/paper-2188_heterogeneous_information_fusion_for_robot_based_automated_monitoring_of_bearings_in_harsh_e.pdf,hardlink,extraction_papers/ontocast_runs/run_500_more_20260721_105503/input_resume_0384_0500/paper-2188_heterogeneous_information_fusion_for_robot_based_automated_monitoring_of_bearings_in_harsh_e.pdf,hardlink
414,paper-2189,paper-2189_distribution_network_optimization_and_flexibility_enhancement_based_on_power_grid_equipment.pdf,extraction_papers/paper-2189_distribution_network_optimization_and_flexibility_enhancement_based_on_power_grid_equipment.pdf,extraction_papers/ontocast_runs/run_500_more_20260721_105503/input/paper-2189_distribution_network_optimization_and_flexibility_enhancement_based_on_power_grid_equipment.pdf,hardlink,extraction_papers/ontocast_runs/run_500_more_20260721_105503/input_resume_0384_0500/paper-2189_distribution_network_optimization_and_flexibility_enhancement_based_on_power_grid_equipment.pdf,hardlink
415,paper-2190,paper-2190_detection_of_inter_turn_short_circuit_faults_for_inverter_fed_induction_motors_based_on_nega.pdf,extraction_papers/paper-2190_detection_of_inter_turn_short_circuit_faults_for_inverter_fed_induction_motors_based_on_nega.pdf,extraction_papers/ontocast_runs/run_500_more_20260721_105503/input/paper-2190_detection_of_inter_turn_short_circuit_faults_for_inverter_fed_induction_motors_based_on_nega.pdf,hardlink,extraction_papers/ontocast_runs/run_500_more_20260721_105503/input_resume_0384_0500/paper-2190_detection_of_inter_turn_short_circuit_faults_for_inverter_fed_induction_motors_based_on_nega.pdf,hardlink
416,paper-2194,paper-2194_leveraging_advanced_artificial_intelligence_techniques_for_accurate_fault_prediction_in_wind.pdf,extraction_papers/paper-2194_leveraging_advanced_artificial_intelligence_techniques_for_accurate_fault_prediction_in_wind.pdf,extraction_papers/ontocast_runs/run_500_more_20260721_105503/input/paper-2194_leveraging_advanced_artificial_intelligence_techniques_for_accurate_fault_prediction_in_wind.pdf,hardlink,extraction_papers/ontocast_runs/run_500_more_20260721_105503/input_resume_0384_0500/paper-2194_leveraging_advanced_artificial_intelligence_techniques_for_accurate_fault_prediction_in_wind.pdf,hardlink
417,paper-2195,paper-2195_constraint_guided_autoencoders_for_joint_optimization_of_condition_indicator_estimation_and.pdf,extraction_papers/paper-2195_constraint_guided_autoencoders_for_joint_optimization_of_condition_indicator_estimation_and.pdf,extraction_papers/ontocast_runs/run_500_more_20260721_105503/input/paper-2195_constraint_guided_autoencoders_for_joint_optimization_of_condition_indicator_estimation_and.pdf,hardlink,extraction_papers/ontocast_runs/run_500_more_20260721_105503/input_resume_0384_0500/paper-2195_constraint_guided_autoencoders_for_joint_optimization_of_condition_indicator_estimation_and.pdf,hardlink
418,paper-2196,paper-2196_joint_estimation_of_lithium_ion_battery_health_status_and_remaining_service_life_by_transfer.pdf,extraction_papers/paper-2196_joint_estimation_of_lithium_ion_battery_health_status_and_remaining_service_life_by_transfer.pdf,extraction_papers/ontocast_runs/run_500_more_20260721_105503/input/paper-2196_joint_estimation_of_lithium_ion_battery_health_status_and_remaining_service_life_by_transfer.pdf,hardlink,extraction_papers/ontocast_runs/run_500_more_20260721_105503/input_resume_0384_0500/paper-2196_joint_estimation_of_lithium_ion_battery_health_status_and_remaining_service_life_by_transfer.pdf,hardlink
419,paper-2198,paper-2198_fault_type_aware_remaining_useful_life_prediction_of_aircraft_engines_using_an_integrated_de.pdf,extraction_papers/paper-2198_fault_type_aware_remaining_useful_life_prediction_of_aircraft_engines_using_an_integrated_de.pdf,extraction_papers/ontocast_runs/run_500_more_20260721_105503/input/paper-2198_fault_type_aware_remaining_useful_life_prediction_of_aircraft_engines_using_an_integrated_de.pdf,hardlink,extraction_papers/ontocast_runs/run_500_more_20260721_105503/input_resume_0384_0500/paper-2198_fault_type_aware_remaining_useful_life_prediction_of_aircraft_engines_using_an_integrated_de.pdf,hardlink
420,paper-2199,paper-2199_optimized_sensor_data_preprocessing_using_parameter_transfer_learning_for_wind_turbine_power.pdf,extraction_papers/paper-2199_optimized_sensor_data_preprocessing_using_parameter_transfer_learning_for_wind_turbine_power.pdf,extraction_papers/ontocast_runs/run_500_more_20260721_105503/input/paper-2199_optimized_sensor_data_preprocessing_using_parameter_transfer_learning_for_wind_turbine_power.pdf,hardlink,extraction_papers/ontocast_runs/run_500_more_20260721_105503/input_resume_0384_0500/paper-2199_optimized_sensor_data_preprocessing_using_parameter_transfer_learning_for_wind_turbine_power.pdf,hardlink
421,paper-2201,paper-2201_remaining_useful_life_prediction_of_turbine_engines_using_multimodal_transfer_learning.pdf,extraction_papers/paper-2201_remaining_useful_life_prediction_of_turbine_engines_using_multimodal_transfer_learning.pdf,extraction_papers/ontocast_runs/run_500_more_20260721_105503/input/paper-2201_remaining_useful_life_prediction_of_turbine_engines_using_multimodal_transfer_learning.pdf,hardlink,extraction_papers/ontocast_runs/run_500_more_20260721_105503/input_resume_0384_0500/paper-2201_remaining_useful_life_prediction_of_turbine_engines_using_multimodal_transfer_learning.pdf,hardlink
422,paper-2203,paper-2203_an_artificial_intelligence_based_novel_strategy_for_fault_prognostics_in_transformers.pdf,extraction_papers/paper-2203_an_artificial_intelligence_based_novel_strategy_for_fault_prognostics_in_transformers.pdf,extraction_papers/ontocast_runs/run_500_more_20260721_105503/input/paper-2203_an_artificial_intelligence_based_novel_strategy_for_fault_prognostics_in_transformers.pdf,hardlink,extraction_papers/ontocast_runs/run_500_more_20260721_105503/input_resume_0384_0500/paper-2203_an_artificial_intelligence_based_novel_strategy_for_fault_prognostics_in_transformers.pdf,hardlink
423,paper-2206,paper-2206_cumulative_failure_rate_prediction_of_edcu_in_subway_vehicles_based_on_rf_cnn_lstm_model.pdf,extraction_papers/paper-2206_cumulative_failure_rate_prediction_of_edcu_in_subway_vehicles_based_on_rf_cnn_lstm_model.pdf,extraction_papers/ontocast_runs/run_500_more_20260721_105503/input/paper-2206_cumulative_failure_rate_prediction_of_edcu_in_subway_vehicles_based_on_rf_cnn_lstm_model.pdf,hardlink,extraction_papers/ontocast_runs/run_500_more_20260721_105503/input_resume_0384_0500/paper-2206_cumulative_failure_rate_prediction_of_edcu_in_subway_vehicles_based_on_rf_cnn_lstm_model.pdf,hardlink
424,paper-2207,paper-2207_management_of_mobile_resonant_electrical_systems_for_high_voltage_generation_in_non_destruct.pdf,extraction_papers/paper-2207_management_of_mobile_resonant_electrical_systems_for_high_voltage_generation_in_non_destruct.pdf,extraction_papers/ontocast_runs/run_500_more_20260721_105503/input/paper-2207_management_of_mobile_resonant_electrical_systems_for_high_voltage_generation_in_non_destruct.pdf,hardlink,extraction_papers/ontocast_runs/run_500_more_20260721_105503/input_resume_0384_0500/paper-2207_management_of_mobile_resonant_electrical_systems_for_high_voltage_generation_in_non_destruct.pdf,hardlink
425,paper-2209,paper-2209_ontology_driven_digital_twin_framework_for_aviation_maintenance_and_operations.pdf,extraction_papers/paper-2209_ontology_driven_digital_twin_framework_for_aviation_maintenance_and_operations.pdf,extraction_papers/ontocast_runs/run_500_more_20260721_105503/input/paper-2209_ontology_driven_digital_twin_framework_for_aviation_maintenance_and_operations.pdf,hardlink,extraction_papers/ontocast_runs/run_500_more_20260721_105503/input_resume_0384_0500/paper-2209_ontology_driven_digital_twin_framework_for_aviation_maintenance_and_operations.pdf,hardlink
426,paper-2211,paper-2211_advanced_diagnostic_techniques_for_earthing_brush_faults_detection_in_large_turbine_generato.pdf,extraction_papers/paper-2211_advanced_diagnostic_techniques_for_earthing_brush_faults_detection_in_large_turbine_generato.pdf,extraction_papers/ontocast_runs/run_500_more_20260721_105503/input/paper-2211_advanced_diagnostic_techniques_for_earthing_brush_faults_detection_in_large_turbine_generato.pdf,hardlink,extraction_papers/ontocast_runs/run_500_more_20260721_105503/input_resume_0384_0500/paper-2211_advanced_diagnostic_techniques_for_earthing_brush_faults_detection_in_large_turbine_generato.pdf,hardlink
427,paper-2213,paper-2213_the_effect_of_defect_size_and_location_in_roller_bearing_fault_detection_experimental_insigh.pdf,extraction_papers/paper-2213_the_effect_of_defect_size_and_location_in_roller_bearing_fault_detection_experimental_insigh.pdf,extraction_papers/ontocast_runs/run_500_more_20260721_105503/input/paper-2213_the_effect_of_defect_size_and_location_in_roller_bearing_fault_detection_experimental_insigh.pdf,hardlink,extraction_papers/ontocast_runs/run_500_more_20260721_105503/input_resume_0384_0500/paper-2213_the_effect_of_defect_size_and_location_in_roller_bearing_fault_detection_experimental_insigh.pdf,hardlink
428,paper-2216,paper-2216_a_hyperspectral_analysis_based_approach_for_estimation_of_wear_metal_content_in_lubricating.pdf,extraction_papers/paper-2216_a_hyperspectral_analysis_based_approach_for_estimation_of_wear_metal_content_in_lubricating.pdf,extraction_papers/ontocast_runs/run_500_more_20260721_105503/input/paper-2216_a_hyperspectral_analysis_based_approach_for_estimation_of_wear_metal_content_in_lubricating.pdf,hardlink,extraction_papers/ontocast_runs/run_500_more_20260721_105503/input_resume_0384_0500/paper-2216_a_hyperspectral_analysis_based_approach_for_estimation_of_wear_metal_content_in_lubricating.pdf,hardlink
429,paper-2217,paper-2217_lubricant_performance_in_wind_turbines_a_data_study_in_real_use_conditions.pdf,extraction_papers/paper-2217_lubricant_performance_in_wind_turbines_a_data_study_in_real_use_conditions.pdf,extraction_papers/ontocast_runs/run_500_more_20260721_105503/input/paper-2217_lubricant_performance_in_wind_turbines_a_data_study_in_real_use_conditions.pdf,hardlink,extraction_papers/ontocast_runs/run_500_more_20260721_105503/input_resume_0384_0500/paper-2217_lubricant_performance_in_wind_turbines_a_data_study_in_real_use_conditions.pdf,hardlink
430,paper-2219,paper-2219_a_novel_transfer_kernel_enabled_kernel_extreme_learning_machine_model_for_cross_domain_condi.pdf,extraction_papers/paper-2219_a_novel_transfer_kernel_enabled_kernel_extreme_learning_machine_model_for_cross_domain_condi.pdf,extraction_papers/ontocast_runs/run_500_more_20260721_105503/input/paper-2219_a_novel_transfer_kernel_enabled_kernel_extreme_learning_machine_model_for_cross_domain_condi.pdf,hardlink,extraction_papers/ontocast_runs/run_500_more_20260721_105503/input_resume_0384_0500/paper-2219_a_novel_transfer_kernel_enabled_kernel_extreme_learning_machine_model_for_cross_domain_condi.pdf,hardlink
431,paper-2221,paper-2221_ai_integrated_autonomous_robotics_for_solar_panel_cleaning_and_predictive_maintenance_using.pdf,extraction_papers/paper-2221_ai_integrated_autonomous_robotics_for_solar_panel_cleaning_and_predictive_maintenance_using.pdf,extraction_papers/ontocast_runs/run_500_more_20260721_105503/input/paper-2221_ai_integrated_autonomous_robotics_for_solar_panel_cleaning_and_predictive_maintenance_using.pdf,hardlink,extraction_papers/ontocast_runs/run_500_more_20260721_105503/input_resume_0384_0500/paper-2221_ai_integrated_autonomous_robotics_for_solar_panel_cleaning_and_predictive_maintenance_using.pdf,hardlink
432,paper-2222,paper-2222_soh_and_rul_estimation_for_lithium_ion_batteries_based_on_partial_charging_curve_features.pdf,extraction_papers/paper-2222_soh_and_rul_estimation_for_lithium_ion_batteries_based_on_partial_charging_curve_features.pdf,extraction_papers/ontocast_runs/run_500_more_20260721_105503/input/paper-2222_soh_and_rul_estimation_for_lithium_ion_batteries_based_on_partial_charging_curve_features.pdf,hardlink,extraction_papers/ontocast_runs/run_500_more_20260721_105503/input_resume_0384_0500/paper-2222_soh_and_rul_estimation_for_lithium_ion_batteries_based_on_partial_charging_curve_features.pdf,hardlink
433,paper-2223,paper-2223_bearing_remaining_useful_life_prediction_based_on_tsdae_and_pathformer_tclstm.pdf,extraction_papers/paper-2223_bearing_remaining_useful_life_prediction_based_on_tsdae_and_pathformer_tclstm.pdf,extraction_papers/ontocast_runs/run_500_more_20260721_105503/input/paper-2223_bearing_remaining_useful_life_prediction_based_on_tsdae_and_pathformer_tclstm.pdf,hardlink,extraction_papers/ontocast_runs/run_500_more_20260721_105503/input_resume_0384_0500/paper-2223_bearing_remaining_useful_life_prediction_based_on_tsdae_and_pathformer_tclstm.pdf,hardlink
434,paper-2224,paper-2224_relationship_analysis_between_helicopter_gearbox_bearing_condition_indicators_and_oil_temper.pdf,extraction_papers/paper-2224_relationship_analysis_between_helicopter_gearbox_bearing_condition_indicators_and_oil_temper.pdf,extraction_papers/ontocast_runs/run_500_more_20260721_105503/input/paper-2224_relationship_analysis_between_helicopter_gearbox_bearing_condition_indicators_and_oil_temper.pdf,hardlink,extraction_papers/ontocast_runs/run_500_more_20260721_105503/input_resume_0384_0500/paper-2224_relationship_analysis_between_helicopter_gearbox_bearing_condition_indicators_and_oil_temper.pdf,hardlink
435,paper-2225,paper-2225_research_on_blade_asynchronous_vibration_parameter_identification_for_large_scale_centrifuga.pdf,extraction_papers/paper-2225_research_on_blade_asynchronous_vibration_parameter_identification_for_large_scale_centrifuga.pdf,extraction_papers/ontocast_runs/run_500_more_20260721_105503/input/paper-2225_research_on_blade_asynchronous_vibration_parameter_identification_for_large_scale_centrifuga.pdf,hardlink,extraction_papers/ontocast_runs/run_500_more_20260721_105503/input_resume_0384_0500/paper-2225_research_on_blade_asynchronous_vibration_parameter_identification_for_large_scale_centrifuga.pdf,hardlink
436,paper-2228,paper-2228_dynamic_pso_optimized_xgboost_rfe_with_cross_domain_hierarchical_transfer_a_small_sample_fea.pdf,extraction_papers/paper-2228_dynamic_pso_optimized_xgboost_rfe_with_cross_domain_hierarchical_transfer_a_small_sample_fea.pdf,extraction_papers/ontocast_runs/run_500_more_20260721_105503/input/paper-2228_dynamic_pso_optimized_xgboost_rfe_with_cross_domain_hierarchical_transfer_a_small_sample_fea.pdf,hardlink,extraction_papers/ontocast_runs/run_500_more_20260721_105503/input_resume_0384_0500/paper-2228_dynamic_pso_optimized_xgboost_rfe_with_cross_domain_hierarchical_transfer_a_small_sample_fea.pdf,hardlink
437,paper-2230,paper-2230_multicriteria_methodology_for_prioritizing_predictive_maintenance_using_rpass_drones_with_th.pdf,extraction_papers/paper-2230_multicriteria_methodology_for_prioritizing_predictive_maintenance_using_rpass_drones_with_th.pdf,extraction_papers/ontocast_runs/run_500_more_20260721_105503/input/paper-2230_multicriteria_methodology_for_prioritizing_predictive_maintenance_using_rpass_drones_with_th.pdf,hardlink,extraction_papers/ontocast_runs/run_500_more_20260721_105503/input_resume_0384_0500/paper-2230_multicriteria_methodology_for_prioritizing_predictive_maintenance_using_rpass_drones_with_th.pdf,hardlink
438,paper-2233,paper-2233_strain_sensor_based_fatigue_prediction_for_hydraulic_turbine_governor_servomotor_in_compleme.pdf,extraction_papers/paper-2233_strain_sensor_based_fatigue_prediction_for_hydraulic_turbine_governor_servomotor_in_compleme.pdf,extraction_papers/ontocast_runs/run_500_more_20260721_105503/input/paper-2233_strain_sensor_based_fatigue_prediction_for_hydraulic_turbine_governor_servomotor_in_compleme.pdf,hardlink,extraction_papers/ontocast_runs/run_500_more_20260721_105503/input_resume_0384_0500/paper-2233_strain_sensor_based_fatigue_prediction_for_hydraulic_turbine_governor_servomotor_in_compleme.pdf,hardlink
439,paper-2234,paper-2234_attention_mechanism_based_feature_fusion_and_degradation_state_classification_for_rolling_be.pdf,extraction_papers/paper-2234_attention_mechanism_based_feature_fusion_and_degradation_state_classification_for_rolling_be.pdf,extraction_papers/ontocast_runs/run_500_more_20260721_105503/input/paper-2234_attention_mechanism_based_feature_fusion_and_degradation_state_classification_for_rolling_be.pdf,hardlink,extraction_papers/ontocast_runs/run_500_more_20260721_105503/input_resume_0384_0500/paper-2234_attention_mechanism_based_feature_fusion_and_degradation_state_classification_for_rolling_be.pdf,hardlink
440,paper-2236,paper-2236_temporal_aware_chain_of_thought_reasoning_for_vibration_based_pump_fault_diagnosis.pdf,extraction_papers/paper-2236_temporal_aware_chain_of_thought_reasoning_for_vibration_based_pump_fault_diagnosis.pdf,extraction_papers/ontocast_runs/run_500_more_20260721_105503/input/paper-2236_temporal_aware_chain_of_thought_reasoning_for_vibration_based_pump_fault_diagnosis.pdf,hardlink,extraction_papers/ontocast_runs/run_500_more_20260721_105503/input_resume_0384_0500/paper-2236_temporal_aware_chain_of_thought_reasoning_for_vibration_based_pump_fault_diagnosis.pdf,hardlink
441,paper-2237,paper-2237_learning_to_balance_the_performance_and_deterioration_of_aging_systems_through_derating.pdf,extraction_papers/paper-2237_learning_to_balance_the_performance_and_deterioration_of_aging_systems_through_derating.pdf,extraction_papers/ontocast_runs/run_500_more_20260721_105503/input/paper-2237_learning_to_balance_the_performance_and_deterioration_of_aging_systems_through_derating.pdf,hardlink,extraction_papers/ontocast_runs/run_500_more_20260721_105503/input_resume_0384_0500/paper-2237_learning_to_balance_the_performance_and_deterioration_of_aging_systems_through_derating.pdf,hardlink
442,paper-2240,paper-2240_hybrid_fem_ai_approach_for_thermographic_monitoring_of_biomedical_electronic_devices.pdf,extraction_papers/paper-2240_hybrid_fem_ai_approach_for_thermographic_monitoring_of_biomedical_electronic_devices.pdf,extraction_papers/ontocast_runs/run_500_more_20260721_105503/input/paper-2240_hybrid_fem_ai_approach_for_thermographic_monitoring_of_biomedical_electronic_devices.pdf,hardlink,extraction_papers/ontocast_runs/run_500_more_20260721_105503/input_resume_0384_0500/paper-2240_hybrid_fem_ai_approach_for_thermographic_monitoring_of_biomedical_electronic_devices.pdf,hardlink
443,paper-2241,paper-2241_fcrnet_fast_fourier_convolutional_residual_network_for_ventilator_bearing_fault_diagnosis.pdf,extraction_papers/paper-2241_fcrnet_fast_fourier_convolutional_residual_network_for_ventilator_bearing_fault_diagnosis.pdf,extraction_papers/ontocast_runs/run_500_more_20260721_105503/input/paper-2241_fcrnet_fast_fourier_convolutional_residual_network_for_ventilator_bearing_fault_diagnosis.pdf,hardlink,extraction_papers/ontocast_runs/run_500_more_20260721_105503/input_resume_0384_0500/paper-2241_fcrnet_fast_fourier_convolutional_residual_network_for_ventilator_bearing_fault_diagnosis.pdf,hardlink
444,paper-2250,paper-2250_quantum_secure_predictive_maintenance_framework_for_future_vanet_based_smart_transportation.pdf,extraction_papers/paper-2250_quantum_secure_predictive_maintenance_framework_for_future_vanet_based_smart_transportation.pdf,extraction_papers/ontocast_runs/run_500_more_20260721_105503/input/paper-2250_quantum_secure_predictive_maintenance_framework_for_future_vanet_based_smart_transportation.pdf,hardlink,extraction_papers/ontocast_runs/run_500_more_20260721_105503/input_resume_0384_0500/paper-2250_quantum_secure_predictive_maintenance_framework_for_future_vanet_based_smart_transportation.pdf,hardlink
445,paper-2252,paper-2252_unlabeled_data_enhanced_tool_remaining_useful_life_prediction_based_on_graph_neural_network.pdf,extraction_papers/paper-2252_unlabeled_data_enhanced_tool_remaining_useful_life_prediction_based_on_graph_neural_network.pdf,extraction_papers/ontocast_runs/run_500_more_20260721_105503/input/paper-2252_unlabeled_data_enhanced_tool_remaining_useful_life_prediction_based_on_graph_neural_network.pdf,hardlink,extraction_papers/ontocast_runs/run_500_more_20260721_105503/input_resume_0384_0500/paper-2252_unlabeled_data_enhanced_tool_remaining_useful_life_prediction_based_on_graph_neural_network.pdf,hardlink
446,paper-2254,paper-2254_iot_based_wireless_sensor_network_architecture_for_industrial_fault_monitoring.pdf,extraction_papers/paper-2254_iot_based_wireless_sensor_network_architecture_for_industrial_fault_monitoring.pdf,extraction_papers/ontocast_runs/run_500_more_20260721_105503/input/paper-2254_iot_based_wireless_sensor_network_architecture_for_industrial_fault_monitoring.pdf,hardlink,extraction_papers/ontocast_runs/run_500_more_20260721_105503/input_resume_0384_0500/paper-2254_iot_based_wireless_sensor_network_architecture_for_industrial_fault_monitoring.pdf,hardlink
447,paper-2255,paper-2255_hybrid_arimax_lstm_modeling_for_enhanced_vibration_prediction_in_rotating_machinery_applicat.pdf,extraction_papers/paper-2255_hybrid_arimax_lstm_modeling_for_enhanced_vibration_prediction_in_rotating_machinery_applicat.pdf,extraction_papers/ontocast_runs/run_500_more_20260721_105503/input/paper-2255_hybrid_arimax_lstm_modeling_for_enhanced_vibration_prediction_in_rotating_machinery_applicat.pdf,hardlink,extraction_papers/ontocast_runs/run_500_more_20260721_105503/input_resume_0384_0500/paper-2255_hybrid_arimax_lstm_modeling_for_enhanced_vibration_prediction_in_rotating_machinery_applicat.pdf,hardlink
448,paper-2256,paper-2256_field_verification_of_an_on_board_monitoring_system_for_ground_side_equipment_used_in_the_sc.pdf,extraction_papers/paper-2256_field_verification_of_an_on_board_monitoring_system_for_ground_side_equipment_used_in_the_sc.pdf,extraction_papers/ontocast_runs/run_500_more_20260721_105503/input/paper-2256_field_verification_of_an_on_board_monitoring_system_for_ground_side_equipment_used_in_the_sc.pdf,hardlink,extraction_papers/ontocast_runs/run_500_more_20260721_105503/input_resume_0384_0500/paper-2256_field_verification_of_an_on_board_monitoring_system_for_ground_side_equipment_used_in_the_sc.pdf,hardlink
449,paper-2257,paper-2257_decomposing_and_modeling_acoustic_signals_to_identify_machinery_defects_in_industrial_sounds.pdf,extraction_papers/paper-2257_decomposing_and_modeling_acoustic_signals_to_identify_machinery_defects_in_industrial_sounds.pdf,extraction_papers/ontocast_runs/run_500_more_20260721_105503/input/paper-2257_decomposing_and_modeling_acoustic_signals_to_identify_machinery_defects_in_industrial_sounds.pdf,hardlink,extraction_papers/ontocast_runs/run_500_more_20260721_105503/input_resume_0384_0500/paper-2257_decomposing_and_modeling_acoustic_signals_to_identify_machinery_defects_in_industrial_sounds.pdf,hardlink
450,paper-2259,paper-2259_cycle_informed_triaxial_sensor_for_smart_and_sustainable_manufacturing.pdf,extraction_papers/paper-2259_cycle_informed_triaxial_sensor_for_smart_and_sustainable_manufacturing.pdf,extraction_papers/ontocast_runs/run_500_more_20260721_105503/input/paper-2259_cycle_informed_triaxial_sensor_for_smart_and_sustainable_manufacturing.pdf,hardlink,extraction_papers/ontocast_runs/run_500_more_20260721_105503/input_resume_0384_0500/paper-2259_cycle_informed_triaxial_sensor_for_smart_and_sustainable_manufacturing.pdf,hardlink
451,paper-2261,paper-2261_nofrf_application_research_in_bolt_joints_loosening_detection.pdf,extraction_papers/paper-2261_nofrf_application_research_in_bolt_joints_loosening_detection.pdf,extraction_papers/ontocast_runs/run_500_more_20260721_105503/input/paper-2261_nofrf_application_research_in_bolt_joints_loosening_detection.pdf,hardlink,extraction_papers/ontocast_runs/run_500_more_20260721_105503/input_resume_0384_0500/paper-2261_nofrf_application_research_in_bolt_joints_loosening_detection.pdf,hardlink
452,paper-2262,paper-2262_machine_learning_based_state_of_health_estimation_of_battery_management_systems_using_experi.pdf,extraction_papers/paper-2262_machine_learning_based_state_of_health_estimation_of_battery_management_systems_using_experi.pdf,extraction_papers/ontocast_runs/run_500_more_20260721_105503/input/paper-2262_machine_learning_based_state_of_health_estimation_of_battery_management_systems_using_experi.pdf,hardlink,extraction_papers/ontocast_runs/run_500_more_20260721_105503/input_resume_0384_0500/paper-2262_machine_learning_based_state_of_health_estimation_of_battery_management_systems_using_experi.pdf,hardlink
453,paper-2264,paper-2264_on_demand_maintenance_method_using_fault_prediction_to_reduce_elevator_entrapment.pdf,extraction_papers/paper-2264_on_demand_maintenance_method_using_fault_prediction_to_reduce_elevator_entrapment.pdf,extraction_papers/ontocast_runs/run_500_more_20260721_105503/input/paper-2264_on_demand_maintenance_method_using_fault_prediction_to_reduce_elevator_entrapment.pdf,hardlink,extraction_papers/ontocast_runs/run_500_more_20260721_105503/input_resume_0384_0500/paper-2264_on_demand_maintenance_method_using_fault_prediction_to_reduce_elevator_entrapment.pdf,hardlink
454,paper-2265,paper-2265_detection_of_cracks_in_low_power_wind_turbines_using_vibration_signal_analysis_with_empirica.pdf,extraction_papers/paper-2265_detection_of_cracks_in_low_power_wind_turbines_using_vibration_signal_analysis_with_empirica.pdf,extraction_papers/ontocast_runs/run_500_more_20260721_105503/input/paper-2265_detection_of_cracks_in_low_power_wind_turbines_using_vibration_signal_analysis_with_empirica.pdf,hardlink,extraction_papers/ontocast_runs/run_500_more_20260721_105503/input_resume_0384_0500/paper-2265_detection_of_cracks_in_low_power_wind_turbines_using_vibration_signal_analysis_with_empirica.pdf,hardlink
455,paper-2267,paper-2267_criticality_assessment_of_wind_turbine_defects_via_multispectral_uav_fusion_and_fuzzy_logic.pdf,extraction_papers/paper-2267_criticality_assessment_of_wind_turbine_defects_via_multispectral_uav_fusion_and_fuzzy_logic.pdf,extraction_papers/ontocast_runs/run_500_more_20260721_105503/input/paper-2267_criticality_assessment_of_wind_turbine_defects_via_multispectral_uav_fusion_and_fuzzy_logic.pdf,hardlink,extraction_papers/ontocast_runs/run_500_more_20260721_105503/input_resume_0384_0500/paper-2267_criticality_assessment_of_wind_turbine_defects_via_multispectral_uav_fusion_and_fuzzy_logic.pdf,hardlink
456,paper-2269,paper-2269_novel_framework_for_engine_fault_detection_using_an_advanced_signal_processing_technique.pdf,extraction_papers/paper-2269_novel_framework_for_engine_fault_detection_using_an_advanced_signal_processing_technique.pdf,extraction_papers/ontocast_runs/run_500_more_20260721_105503/input/paper-2269_novel_framework_for_engine_fault_detection_using_an_advanced_signal_processing_technique.pdf,hardlink,extraction_papers/ontocast_runs/run_500_more_20260721_105503/input_resume_0384_0500/paper-2269_novel_framework_for_engine_fault_detection_using_an_advanced_signal_processing_technique.pdf,hardlink
457,paper-2270,paper-2270_health_status_assessment_of_passenger_ropeway_bearings_based_on_multi_parameter_acoustic_emi.pdf,extraction_papers/paper-2270_health_status_assessment_of_passenger_ropeway_bearings_based_on_multi_parameter_acoustic_emi.pdf,extraction_papers/ontocast_runs/run_500_more_20260721_105503/input/paper-2270_health_status_assessment_of_passenger_ropeway_bearings_based_on_multi_parameter_acoustic_emi.pdf,hardlink,extraction_papers/ontocast_runs/run_500_more_20260721_105503/input_resume_0384_0500/paper-2270_health_status_assessment_of_passenger_ropeway_bearings_based_on_multi_parameter_acoustic_emi.pdf,hardlink
458,paper-2272,paper-2272_an_operational_status_assessment_model_for_sf6_high_voltage_circuit_breakers_based_on_iar_bt.pdf,extraction_papers/paper-2272_an_operational_status_assessment_model_for_sf6_high_voltage_circuit_breakers_based_on_iar_bt.pdf,extraction_papers/ontocast_runs/run_500_more_20260721_105503/input/paper-2272_an_operational_status_assessment_model_for_sf6_high_voltage_circuit_breakers_based_on_iar_bt.pdf,hardlink,extraction_papers/ontocast_runs/run_500_more_20260721_105503/input_resume_0384_0500/paper-2272_an_operational_status_assessment_model_for_sf6_high_voltage_circuit_breakers_based_on_iar_bt.pdf,hardlink
459,paper-2274,paper-2274_predictive_modeling_for_metro_performance_using_metropt3_dataset.pdf,extraction_papers/paper-2274_predictive_modeling_for_metro_performance_using_metropt3_dataset.pdf,extraction_papers/ontocast_runs/run_500_more_20260721_105503/input/paper-2274_predictive_modeling_for_metro_performance_using_metropt3_dataset.pdf,hardlink,extraction_papers/ontocast_runs/run_500_more_20260721_105503/input_resume_0384_0500/paper-2274_predictive_modeling_for_metro_performance_using_metropt3_dataset.pdf,hardlink
460,paper-2280,paper-2280_fractional_poisson_process_for_estimation_of_capacity_degradation_in_li_ion_batteries_by_wal.pdf,extraction_papers/paper-2280_fractional_poisson_process_for_estimation_of_capacity_degradation_in_li_ion_batteries_by_wal.pdf,extraction_papers/ontocast_runs/run_500_more_20260721_105503/input/paper-2280_fractional_poisson_process_for_estimation_of_capacity_degradation_in_li_ion_batteries_by_wal.pdf,hardlink,extraction_papers/ontocast_runs/run_500_more_20260721_105503/input_resume_0384_0500/paper-2280_fractional_poisson_process_for_estimation_of_capacity_degradation_in_li_ion_batteries_by_wal.pdf,hardlink
461,paper-2285,paper-2285_exposing_vulnerabilities_physical_adversarial_attacks_on_ai_based_fault_diagnosis_models_in.pdf,extraction_papers/paper-2285_exposing_vulnerabilities_physical_adversarial_attacks_on_ai_based_fault_diagnosis_models_in.pdf,extraction_papers/ontocast_runs/run_500_more_20260721_105503/input/paper-2285_exposing_vulnerabilities_physical_adversarial_attacks_on_ai_based_fault_diagnosis_models_in.pdf,hardlink,extraction_papers/ontocast_runs/run_500_more_20260721_105503/input_resume_0384_0500/paper-2285_exposing_vulnerabilities_physical_adversarial_attacks_on_ai_based_fault_diagnosis_models_in.pdf,hardlink
462,paper-2287,paper-2287_a_method_for_predicting_the_remaining_life_of_lithium_ion_batteries_based_on_an_improved_dem.pdf,extraction_papers/paper-2287_a_method_for_predicting_the_remaining_life_of_lithium_ion_batteries_based_on_an_improved_dem.pdf,extraction_papers/ontocast_runs/run_500_more_20260721_105503/input/paper-2287_a_method_for_predicting_the_remaining_life_of_lithium_ion_batteries_based_on_an_improved_dem.pdf,hardlink,extraction_papers/ontocast_runs/run_500_more_20260721_105503/input_resume_0384_0500/paper-2287_a_method_for_predicting_the_remaining_life_of_lithium_ion_batteries_based_on_an_improved_dem.pdf,hardlink
463,paper-2288,paper-2288_integrating_dimensional_analysis_and_machine_learning_for_predictive_maintenance_of_francis.pdf,extraction_papers/paper-2288_integrating_dimensional_analysis_and_machine_learning_for_predictive_maintenance_of_francis.pdf,extraction_papers/ontocast_runs/run_500_more_20260721_105503/input/paper-2288_integrating_dimensional_analysis_and_machine_learning_for_predictive_maintenance_of_francis.pdf,hardlink,extraction_papers/ontocast_runs/run_500_more_20260721_105503/input_resume_0384_0500/paper-2288_integrating_dimensional_analysis_and_machine_learning_for_predictive_maintenance_of_francis.pdf,hardlink
464,paper-2293,paper-2293_group_theoretic_bilateral_symmetry_analysis_for_automotive_steering_systems_a_physics_inform.pdf,extraction_papers/paper-2293_group_theoretic_bilateral_symmetry_analysis_for_automotive_steering_systems_a_physics_inform.pdf,extraction_papers/ontocast_runs/run_500_more_20260721_105503/input/paper-2293_group_theoretic_bilateral_symmetry_analysis_for_automotive_steering_systems_a_physics_inform.pdf,hardlink,extraction_papers/ontocast_runs/run_500_more_20260721_105503/input_resume_0384_0500/paper-2293_group_theoretic_bilateral_symmetry_analysis_for_automotive_steering_systems_a_physics_inform.pdf,hardlink
465,paper-2296,paper-2296_hybrid_explainable_ai_framework_for_predictive_maintenance_of_aeration_systems_in_wastewater.pdf,extraction_papers/paper-2296_hybrid_explainable_ai_framework_for_predictive_maintenance_of_aeration_systems_in_wastewater.pdf,extraction_papers/ontocast_runs/run_500_more_20260721_105503/input/paper-2296_hybrid_explainable_ai_framework_for_predictive_maintenance_of_aeration_systems_in_wastewater.pdf,hardlink,extraction_papers/ontocast_runs/run_500_more_20260721_105503/input_resume_0384_0500/paper-2296_hybrid_explainable_ai_framework_for_predictive_maintenance_of_aeration_systems_in_wastewater.pdf,hardlink
466,paper-2297,paper-2297_machine_learning_based_condition_monitoring_with_novel_event_detection_and_incremental_learn.pdf,extraction_papers/paper-2297_machine_learning_based_condition_monitoring_with_novel_event_detection_and_incremental_learn.pdf,extraction_papers/ontocast_runs/run_500_more_20260721_105503/input/paper-2297_machine_learning_based_condition_monitoring_with_novel_event_detection_and_incremental_learn.pdf,hardlink,extraction_papers/ontocast_runs/run_500_more_20260721_105503/input_resume_0384_0500/paper-2297_machine_learning_based_condition_monitoring_with_novel_event_detection_and_incremental_learn.pdf,hardlink
467,paper-2298,paper-2298_decentralized_distributed_sequential_neural_networks_inference_on_low_power_microcontrollers.pdf,extraction_papers/paper-2298_decentralized_distributed_sequential_neural_networks_inference_on_low_power_microcontrollers.pdf,extraction_papers/ontocast_runs/run_500_more_20260721_105503/input/paper-2298_decentralized_distributed_sequential_neural_networks_inference_on_low_power_microcontrollers.pdf,hardlink,extraction_papers/ontocast_runs/run_500_more_20260721_105503/input_resume_0384_0500/paper-2298_decentralized_distributed_sequential_neural_networks_inference_on_low_power_microcontrollers.pdf,hardlink
468,paper-2299,paper-2299_analytical_health_indices_towards_reliability_informed_deep_learning_for_phm.pdf,extraction_papers/paper-2299_analytical_health_indices_towards_reliability_informed_deep_learning_for_phm.pdf,extraction_papers/ontocast_runs/run_500_more_20260721_105503/input/paper-2299_analytical_health_indices_towards_reliability_informed_deep_learning_for_phm.pdf,hardlink,extraction_papers/ontocast_runs/run_500_more_20260721_105503/input_resume_0384_0500/paper-2299_analytical_health_indices_towards_reliability_informed_deep_learning_for_phm.pdf,hardlink
469,paper-2300,paper-2300_fault_prediction_of_hydropower_station_based_on_cnn_lstm_gan_with_biased_data.pdf,extraction_papers/paper-2300_fault_prediction_of_hydropower_station_based_on_cnn_lstm_gan_with_biased_data.pdf,extraction_papers/ontocast_runs/run_500_more_20260721_105503/input/paper-2300_fault_prediction_of_hydropower_station_based_on_cnn_lstm_gan_with_biased_data.pdf,hardlink,extraction_papers/ontocast_runs/run_500_more_20260721_105503/input_resume_0384_0500/paper-2300_fault_prediction_of_hydropower_station_based_on_cnn_lstm_gan_with_biased_data.pdf,hardlink
470,paper-2301,paper-2301_investigation_of_the_possibilities_for_infrared_diagnosis_of_peirce_smith_converters_in_non.pdf,extraction_papers/paper-2301_investigation_of_the_possibilities_for_infrared_diagnosis_of_peirce_smith_converters_in_non.pdf,extraction_papers/ontocast_runs/run_500_more_20260721_105503/input/paper-2301_investigation_of_the_possibilities_for_infrared_diagnosis_of_peirce_smith_converters_in_non.pdf,hardlink,extraction_papers/ontocast_runs/run_500_more_20260721_105503/input_resume_0384_0500/paper-2301_investigation_of_the_possibilities_for_infrared_diagnosis_of_peirce_smith_converters_in_non.pdf,hardlink
471,paper-2304,paper-2304_supervised_learning_based_fault_classification_in_industrial_rotating_equipment_using_multi.pdf,extraction_papers/paper-2304_supervised_learning_based_fault_classification_in_industrial_rotating_equipment_using_multi.pdf,extraction_papers/ontocast_runs/run_500_more_20260721_105503/input/paper-2304_supervised_learning_based_fault_classification_in_industrial_rotating_equipment_using_multi.pdf,hardlink,extraction_papers/ontocast_runs/run_500_more_20260721_105503/input_resume_0384_0500/paper-2304_supervised_learning_based_fault_classification_in_industrial_rotating_equipment_using_multi.pdf,hardlink
472,paper-2305,paper-2305_a_new_two_stage_probabilistic_remaining_useful_life_prediction_method_for_wind_turbines.pdf,extraction_papers/paper-2305_a_new_two_stage_probabilistic_remaining_useful_life_prediction_method_for_wind_turbines.pdf,extraction_papers/ontocast_runs/run_500_more_20260721_105503/input/paper-2305_a_new_two_stage_probabilistic_remaining_useful_life_prediction_method_for_wind_turbines.pdf,hardlink,extraction_papers/ontocast_runs/run_500_more_20260721_105503/input_resume_0384_0500/paper-2305_a_new_two_stage_probabilistic_remaining_useful_life_prediction_method_for_wind_turbines.pdf,hardlink
473,paper-2306,paper-2306_remaining_useful_life_prediction_of_rolling_bearings_based_on_empirical_mode_decomposition_a.pdf,extraction_papers/paper-2306_remaining_useful_life_prediction_of_rolling_bearings_based_on_empirical_mode_decomposition_a.pdf,extraction_papers/ontocast_runs/run_500_more_20260721_105503/input/paper-2306_remaining_useful_life_prediction_of_rolling_bearings_based_on_empirical_mode_decomposition_a.pdf,hardlink,extraction_papers/ontocast_runs/run_500_more_20260721_105503/input_resume_0384_0500/paper-2306_remaining_useful_life_prediction_of_rolling_bearings_based_on_empirical_mode_decomposition_a.pdf,hardlink
474,paper-2307,paper-2307_rolling_bearing_fault_diagnosis_considering_long_term_dependence_and_time_frequency_feature.pdf,extraction_papers/paper-2307_rolling_bearing_fault_diagnosis_considering_long_term_dependence_and_time_frequency_feature.pdf,extraction_papers/ontocast_runs/run_500_more_20260721_105503/input/paper-2307_rolling_bearing_fault_diagnosis_considering_long_term_dependence_and_time_frequency_feature.pdf,hardlink,extraction_papers/ontocast_runs/run_500_more_20260721_105503/input_resume_0384_0500/paper-2307_rolling_bearing_fault_diagnosis_considering_long_term_dependence_and_time_frequency_feature.pdf,hardlink
475,paper-2312,paper-2312_digital_twin_based_performance_evaluation_of_a_photovoltaic_system_a_real_time_monitoring_an.pdf,extraction_papers/paper-2312_digital_twin_based_performance_evaluation_of_a_photovoltaic_system_a_real_time_monitoring_an.pdf,extraction_papers/ontocast_runs/run_500_more_20260721_105503/input/paper-2312_digital_twin_based_performance_evaluation_of_a_photovoltaic_system_a_real_time_monitoring_an.pdf,hardlink,extraction_papers/ontocast_runs/run_500_more_20260721_105503/input_resume_0384_0500/paper-2312_digital_twin_based_performance_evaluation_of_a_photovoltaic_system_a_real_time_monitoring_an.pdf,hardlink
476,paper-2317,paper-2317_towards_reliable_rul_prediction_impact_of_feature_selection_on_degradation_modelling.pdf,extraction_papers/paper-2317_towards_reliable_rul_prediction_impact_of_feature_selection_on_degradation_modelling.pdf,extraction_papers/ontocast_runs/run_500_more_20260721_105503/input/paper-2317_towards_reliable_rul_prediction_impact_of_feature_selection_on_degradation_modelling.pdf,hardlink,extraction_papers/ontocast_runs/run_500_more_20260721_105503/input_resume_0384_0500/paper-2317_towards_reliable_rul_prediction_impact_of_feature_selection_on_degradation_modelling.pdf,hardlink
477,paper-2318,paper-2318_prediction_of_failure_pressure_of_sulfur_corrosion_defective_pipelines_based_on_gabp_neural.pdf,extraction_papers/paper-2318_prediction_of_failure_pressure_of_sulfur_corrosion_defective_pipelines_based_on_gabp_neural.pdf,extraction_papers/ontocast_runs/run_500_more_20260721_105503/input/paper-2318_prediction_of_failure_pressure_of_sulfur_corrosion_defective_pipelines_based_on_gabp_neural.pdf,hardlink,extraction_papers/ontocast_runs/run_500_more_20260721_105503/input_resume_0384_0500/paper-2318_prediction_of_failure_pressure_of_sulfur_corrosion_defective_pipelines_based_on_gabp_neural.pdf,hardlink
478,paper-2319,paper-2319_technical_condition_assessment_of_light_alloy_wheel_rims_based_on_acoustic_parameter_analysi.pdf,extraction_papers/paper-2319_technical_condition_assessment_of_light_alloy_wheel_rims_based_on_acoustic_parameter_analysi.pdf,extraction_papers/ontocast_runs/run_500_more_20260721_105503/input/paper-2319_technical_condition_assessment_of_light_alloy_wheel_rims_based_on_acoustic_parameter_analysi.pdf,hardlink,extraction_papers/ontocast_runs/run_500_more_20260721_105503/input_resume_0384_0500/paper-2319_technical_condition_assessment_of_light_alloy_wheel_rims_based_on_acoustic_parameter_analysi.pdf,hardlink
479,paper-2320,paper-2320_intelligent_condition_monitoring_of_gear_system_at_variable_load_and_variable_speed_using_vi.pdf,extraction_papers/paper-2320_intelligent_condition_monitoring_of_gear_system_at_variable_load_and_variable_speed_using_vi.pdf,extraction_papers/ontocast_runs/run_500_more_20260721_105503/input/paper-2320_intelligent_condition_monitoring_of_gear_system_at_variable_load_and_variable_speed_using_vi.pdf,hardlink,extraction_papers/ontocast_runs/run_500_more_20260721_105503/input_resume_0384_0500/paper-2320_intelligent_condition_monitoring_of_gear_system_at_variable_load_and_variable_speed_using_vi.pdf,hardlink
480,paper-2322,paper-2322_time_aware_predictive_maintenance_of_electrical_submersible_pumps_using_catboost_ensemble_le.pdf,extraction_papers/paper-2322_time_aware_predictive_maintenance_of_electrical_submersible_pumps_using_catboost_ensemble_le.pdf,extraction_papers/ontocast_runs/run_500_more_20260721_105503/input/paper-2322_time_aware_predictive_maintenance_of_electrical_submersible_pumps_using_catboost_ensemble_le.pdf,hardlink,extraction_papers/ontocast_runs/run_500_more_20260721_105503/input_resume_0384_0500/paper-2322_time_aware_predictive_maintenance_of_electrical_submersible_pumps_using_catboost_ensemble_le.pdf,hardlink
481,paper-2323,paper-2323_complex_system_diagnostics_using_a_knowledge_graph_informed_and_large_language_model_enhance.pdf,extraction_papers/paper-2323_complex_system_diagnostics_using_a_knowledge_graph_informed_and_large_language_model_enhance.pdf,extraction_papers/ontocast_runs/run_500_more_20260721_105503/input/paper-2323_complex_system_diagnostics_using_a_knowledge_graph_informed_and_large_language_model_enhance.pdf,hardlink,extraction_papers/ontocast_runs/run_500_more_20260721_105503/input_resume_0384_0500/paper-2323_complex_system_diagnostics_using_a_knowledge_graph_informed_and_large_language_model_enhance.pdf,hardlink
482,paper-2324,paper-2324_fault_analysis_of_chemical_equipment_based_on_an_improved_hybrid_model.pdf,extraction_papers/paper-2324_fault_analysis_of_chemical_equipment_based_on_an_improved_hybrid_model.pdf,extraction_papers/ontocast_runs/run_500_more_20260721_105503/input/paper-2324_fault_analysis_of_chemical_equipment_based_on_an_improved_hybrid_model.pdf,hardlink,extraction_papers/ontocast_runs/run_500_more_20260721_105503/input_resume_0384_0500/paper-2324_fault_analysis_of_chemical_equipment_based_on_an_improved_hybrid_model.pdf,hardlink
483,paper-2325,paper-2325_integration_of_data_analytics_and_data_mining_for_machine_failure_mitigation_and_decision_su.pdf,extraction_papers/paper-2325_integration_of_data_analytics_and_data_mining_for_machine_failure_mitigation_and_decision_su.pdf,extraction_papers/ontocast_runs/run_500_more_20260721_105503/input/paper-2325_integration_of_data_analytics_and_data_mining_for_machine_failure_mitigation_and_decision_su.pdf,hardlink,extraction_papers/ontocast_runs/run_500_more_20260721_105503/input_resume_0384_0500/paper-2325_integration_of_data_analytics_and_data_mining_for_machine_failure_mitigation_and_decision_su.pdf,hardlink
484,paper-2326,paper-2326_anomaly_detection_framework_for_thrust_bearings_in_owc_wecs_using_a_feature_based_autoencode.pdf,extraction_papers/paper-2326_anomaly_detection_framework_for_thrust_bearings_in_owc_wecs_using_a_feature_based_autoencode.pdf,extraction_papers/ontocast_runs/run_500_more_20260721_105503/input/paper-2326_anomaly_detection_framework_for_thrust_bearings_in_owc_wecs_using_a_feature_based_autoencode.pdf,hardlink,extraction_papers/ontocast_runs/run_500_more_20260721_105503/input_resume_0384_0500/paper-2326_anomaly_detection_framework_for_thrust_bearings_in_owc_wecs_using_a_feature_based_autoencode.pdf,hardlink
485,paper-2327,paper-2327_efficient_fault_diagnosis_of_elevator_cabin_door_drives_using_machine_learning_with_data_red.pdf,extraction_papers/paper-2327_efficient_fault_diagnosis_of_elevator_cabin_door_drives_using_machine_learning_with_data_red.pdf,extraction_papers/ontocast_runs/run_500_more_20260721_105503/input/paper-2327_efficient_fault_diagnosis_of_elevator_cabin_door_drives_using_machine_learning_with_data_red.pdf,hardlink,extraction_papers/ontocast_runs/run_500_more_20260721_105503/input_resume_0384_0500/paper-2327_efficient_fault_diagnosis_of_elevator_cabin_door_drives_using_machine_learning_with_data_red.pdf,hardlink
486,paper-2329,paper-2329_anomaly_detection_method_for_hydropower_units_based_on_ksqdc_adead_under_complex_operating_c.pdf,extraction_papers/paper-2329_anomaly_detection_method_for_hydropower_units_based_on_ksqdc_adead_under_complex_operating_c.pdf,extraction_papers/ontocast_runs/run_500_more_20260721_105503/input/paper-2329_anomaly_detection_method_for_hydropower_units_based_on_ksqdc_adead_under_complex_operating_c.pdf,hardlink,extraction_papers/ontocast_runs/run_500_more_20260721_105503/input_resume_0384_0500/paper-2329_anomaly_detection_method_for_hydropower_units_based_on_ksqdc_adead_under_complex_operating_c.pdf,hardlink
487,paper-2332,paper-2332_research_on_the_bearing_remaining_useful_life_prediction_method_based_on_optimized_bilstm.pdf,extraction_papers/paper-2332_research_on_the_bearing_remaining_useful_life_prediction_method_based_on_optimized_bilstm.pdf,extraction_papers/ontocast_runs/run_500_more_20260721_105503/input/paper-2332_research_on_the_bearing_remaining_useful_life_prediction_method_based_on_optimized_bilstm.pdf,hardlink,extraction_papers/ontocast_runs/run_500_more_20260721_105503/input_resume_0384_0500/paper-2332_research_on_the_bearing_remaining_useful_life_prediction_method_based_on_optimized_bilstm.pdf,hardlink
488,paper-2333,paper-2333_a_fault_detection_framework_for_rotating_machinery_with_a_spectrogram_and_convolutional_auto.pdf,extraction_papers/paper-2333_a_fault_detection_framework_for_rotating_machinery_with_a_spectrogram_and_convolutional_auto.pdf,extraction_papers/ontocast_runs/run_500_more_20260721_105503/input/paper-2333_a_fault_detection_framework_for_rotating_machinery_with_a_spectrogram_and_convolutional_auto.pdf,hardlink,extraction_papers/ontocast_runs/run_500_more_20260721_105503/input_resume_0384_0500/paper-2333_a_fault_detection_framework_for_rotating_machinery_with_a_spectrogram_and_convolutional_auto.pdf,hardlink
489,paper-2338,paper-2338_non_intrusive_low_cost_iot_based_hardware_system_for_sustainable_predictive_maintenance_of_i.pdf,extraction_papers/paper-2338_non_intrusive_low_cost_iot_based_hardware_system_for_sustainable_predictive_maintenance_of_i.pdf,extraction_papers/ontocast_runs/run_500_more_20260721_105503/input/paper-2338_non_intrusive_low_cost_iot_based_hardware_system_for_sustainable_predictive_maintenance_of_i.pdf,hardlink,extraction_papers/ontocast_runs/run_500_more_20260721_105503/input_resume_0384_0500/paper-2338_non_intrusive_low_cost_iot_based_hardware_system_for_sustainable_predictive_maintenance_of_i.pdf,hardlink
490,paper-2339,paper-2339_kacformer_a_novel_domain_generalization_model_for_cross_individual_bearing_fault_diagnosis.pdf,extraction_papers/paper-2339_kacformer_a_novel_domain_generalization_model_for_cross_individual_bearing_fault_diagnosis.pdf,extraction_papers/ontocast_runs/run_500_more_20260721_105503/input/paper-2339_kacformer_a_novel_domain_generalization_model_for_cross_individual_bearing_fault_diagnosis.pdf,hardlink,extraction_papers/ontocast_runs/run_500_more_20260721_105503/input_resume_0384_0500/paper-2339_kacformer_a_novel_domain_generalization_model_for_cross_individual_bearing_fault_diagnosis.pdf,hardlink
491,paper-2341,paper-2341_a_multi_model_fusion_framework_for_aeroengine_remaining_useful_life_prediction.pdf,extraction_papers/paper-2341_a_multi_model_fusion_framework_for_aeroengine_remaining_useful_life_prediction.pdf,extraction_papers/ontocast_runs/run_500_more_20260721_105503/input/paper-2341_a_multi_model_fusion_framework_for_aeroengine_remaining_useful_life_prediction.pdf,hardlink,extraction_papers/ontocast_runs/run_500_more_20260721_105503/input_resume_0384_0500/paper-2341_a_multi_model_fusion_framework_for_aeroengine_remaining_useful_life_prediction.pdf,hardlink
492,paper-2342,paper-2342_the_estimation_of_the_remaining_useful_life_of_ceramic_plates_used_in_iron_ore_filtration_th.pdf,extraction_papers/paper-2342_the_estimation_of_the_remaining_useful_life_of_ceramic_plates_used_in_iron_ore_filtration_th.pdf,extraction_papers/ontocast_runs/run_500_more_20260721_105503/input/paper-2342_the_estimation_of_the_remaining_useful_life_of_ceramic_plates_used_in_iron_ore_filtration_th.pdf,hardlink,extraction_papers/ontocast_runs/run_500_more_20260721_105503/input_resume_0384_0500/paper-2342_the_estimation_of_the_remaining_useful_life_of_ceramic_plates_used_in_iron_ore_filtration_th.pdf,hardlink
493,paper-2344,paper-2344_signal_processing_optimization_in_resource_limited_iot_for_fault_prediction_in_rotating_mach.pdf,extraction_papers/paper-2344_signal_processing_optimization_in_resource_limited_iot_for_fault_prediction_in_rotating_mach.pdf,extraction_papers/ontocast_runs/run_500_more_20260721_105503/input/paper-2344_signal_processing_optimization_in_resource_limited_iot_for_fault_prediction_in_rotating_mach.pdf,hardlink,extraction_papers/ontocast_runs/run_500_more_20260721_105503/input_resume_0384_0500/paper-2344_signal_processing_optimization_in_resource_limited_iot_for_fault_prediction_in_rotating_mach.pdf,hardlink
494,paper-2346,paper-2346_remaining_useful_life_prediction_of_pemfc_based_on_2_layer_bidirectional_lstm_network.pdf,extraction_papers/paper-2346_remaining_useful_life_prediction_of_pemfc_based_on_2_layer_bidirectional_lstm_network.pdf,extraction_papers/ontocast_runs/run_500_more_20260721_105503/input/paper-2346_remaining_useful_life_prediction_of_pemfc_based_on_2_layer_bidirectional_lstm_network.pdf,hardlink,extraction_papers/ontocast_runs/run_500_more_20260721_105503/input_resume_0384_0500/paper-2346_remaining_useful_life_prediction_of_pemfc_based_on_2_layer_bidirectional_lstm_network.pdf,hardlink
495,paper-2347,paper-2347_empirical_study_on_failure_prediction_of_rotating_biological_contactors_available_for_landfi.pdf,extraction_papers/paper-2347_empirical_study_on_failure_prediction_of_rotating_biological_contactors_available_for_landfi.pdf,extraction_papers/ontocast_runs/run_500_more_20260721_105503/input/paper-2347_empirical_study_on_failure_prediction_of_rotating_biological_contactors_available_for_landfi.pdf,hardlink,extraction_papers/ontocast_runs/run_500_more_20260721_105503/input_resume_0384_0500/paper-2347_empirical_study_on_failure_prediction_of_rotating_biological_contactors_available_for_landfi.pdf,hardlink
496,paper-2348,paper-2348_forecast_of_aging_of_pemfcs_based_on_ceemd_vmd_and_triple_echo_state_network.pdf,extraction_papers/paper-2348_forecast_of_aging_of_pemfcs_based_on_ceemd_vmd_and_triple_echo_state_network.pdf,extraction_papers/ontocast_runs/run_500_more_20260721_105503/input/paper-2348_forecast_of_aging_of_pemfcs_based_on_ceemd_vmd_and_triple_echo_state_network.pdf,hardlink,extraction_papers/ontocast_runs/run_500_more_20260721_105503/input_resume_0384_0500/paper-2348_forecast_of_aging_of_pemfcs_based_on_ceemd_vmd_and_triple_echo_state_network.pdf,hardlink
497,paper-2349,paper-2349_a_gramian_angular_field_based_convolutional_neural_network_approach_for_crack_detection_in_l.pdf,extraction_papers/paper-2349_a_gramian_angular_field_based_convolutional_neural_network_approach_for_crack_detection_in_l.pdf,extraction_papers/ontocast_runs/run_500_more_20260721_105503/input/paper-2349_a_gramian_angular_field_based_convolutional_neural_network_approach_for_crack_detection_in_l.pdf,hardlink,extraction_papers/ontocast_runs/run_500_more_20260721_105503/input_resume_0384_0500/paper-2349_a_gramian_angular_field_based_convolutional_neural_network_approach_for_crack_detection_in_l.pdf,hardlink
498,paper-2352,paper-2352_plsco_an_optimization_driven_approach_for_enhancing_predictive_maintenance_accuracy_in_intel.pdf,extraction_papers/paper-2352_plsco_an_optimization_driven_approach_for_enhancing_predictive_maintenance_accuracy_in_intel.pdf,extraction_papers/ontocast_runs/run_500_more_20260721_105503/input/paper-2352_plsco_an_optimization_driven_approach_for_enhancing_predictive_maintenance_accuracy_in_intel.pdf,hardlink,extraction_papers/ontocast_runs/run_500_more_20260721_105503/input_resume_0384_0500/paper-2352_plsco_an_optimization_driven_approach_for_enhancing_predictive_maintenance_accuracy_in_intel.pdf,hardlink
499,paper-2353,paper-2353_a_deployable_iiot_framework_for_condition_based_maintenance_case_study_on_lstm_rul_predictio.pdf,extraction_papers/paper-2353_a_deployable_iiot_framework_for_condition_based_maintenance_case_study_on_lstm_rul_predictio.pdf,extraction_papers/ontocast_runs/run_500_more_20260721_105503/input/paper-2353_a_deployable_iiot_framework_for_condition_based_maintenance_case_study_on_lstm_rul_predictio.pdf,hardlink,extraction_papers/ontocast_runs/run_500_more_20260721_105503/input_resume_0384_0500/paper-2353_a_deployable_iiot_framework_for_condition_based_maintenance_case_study_on_lstm_rul_predictio.pdf,hardlink
500,paper-2355,paper-2355_machine_learning_based_predictive_maintenance_for_photovoltaic_systems.pdf,extraction_papers/paper-2355_machine_learning_based_predictive_maintenance_for_photovoltaic_systems.pdf,extraction_papers/ontocast_runs/run_500_more_20260721_105503/input/paper-2355_machine_learning_based_predictive_maintenance_for_photovoltaic_systems.pdf,hardlink,extraction_papers/ontocast_runs/run_500_more_20260721_105503/input_resume_0384_0500/paper-2355_machine_learning_based_predictive_maintenance_for_photovoltaic_systems.pdf,hardlink
