batch_index,corpus_id,filename,source_path,staged_path
1,paper-0001,paper-0001_decision_aware_multi_horizon_fault_prediction_for_photovoltaic_inverters_analysis_of_thresho.pdf,extraction_papers/paper-0001_decision_aware_multi_horizon_fault_prediction_for_photovoltaic_inverters_analysis_of_thresho.pdf,extraction_papers/ontocast_runs/run_100_20260611_194110/input/paper-0001_decision_aware_multi_horizon_fault_prediction_for_photovoltaic_inverters_analysis_of_thresho.pdf
2,paper-0004,paper-0004_a_novel_global_health_index_framework_for_asset_prognostics_and_health_management_in_the_oil.pdf,extraction_papers/paper-0004_a_novel_global_health_index_framework_for_asset_prognostics_and_health_management_in_the_oil.pdf,extraction_papers/ontocast_runs/run_100_20260611_194110/input/paper-0004_a_novel_global_health_index_framework_for_asset_prognostics_and_health_management_in_the_oil.pdf
3,paper-0005,paper-0005_material_adaptive_kurtosis_thresholding_for_real_time_multi_parameter_condition_monitoring_i.pdf,extraction_papers/paper-0005_material_adaptive_kurtosis_thresholding_for_real_time_multi_parameter_condition_monitoring_i.pdf,extraction_papers/ontocast_runs/run_100_20260611_194110/input/paper-0005_material_adaptive_kurtosis_thresholding_for_real_time_multi_parameter_condition_monitoring_i.pdf
4,paper-0007,paper-0007_predicting_the_remaining_useful_life_of_ship_shafting_using_bayesian_networks_with_asymmetri.pdf,extraction_papers/paper-0007_predicting_the_remaining_useful_life_of_ship_shafting_using_bayesian_networks_with_asymmetri.pdf,extraction_papers/ontocast_runs/run_100_20260611_194110/input/paper-0007_predicting_the_remaining_useful_life_of_ship_shafting_using_bayesian_networks_with_asymmetri.pdf
5,paper-0012,paper-0012_predictive_maintenance_of_railway_suspension_systems_using_multi_level_time_frequency_vibrat.pdf,extraction_papers/paper-0012_predictive_maintenance_of_railway_suspension_systems_using_multi_level_time_frequency_vibrat.pdf,extraction_papers/ontocast_runs/run_100_20260611_194110/input/paper-0012_predictive_maintenance_of_railway_suspension_systems_using_multi_level_time_frequency_vibrat.pdf
6,paper-0015,paper-0015_correlating_fouling_corrosion_in_naval_steels_with_magnetic_barkhausen_noise_under_real_mari.pdf,extraction_papers/paper-0015_correlating_fouling_corrosion_in_naval_steels_with_magnetic_barkhausen_noise_under_real_mari.pdf,extraction_papers/ontocast_runs/run_100_20260611_194110/input/paper-0015_correlating_fouling_corrosion_in_naval_steels_with_magnetic_barkhausen_noise_under_real_mari.pdf
7,paper-0019,paper-0019_ai_driven_system_for_enhancing_consumer_electronics_through_maintenance_personalization_and.pdf,extraction_papers/paper-0019_ai_driven_system_for_enhancing_consumer_electronics_through_maintenance_personalization_and.pdf,extraction_papers/ontocast_runs/run_100_20260611_194110/input/paper-0019_ai_driven_system_for_enhancing_consumer_electronics_through_maintenance_personalization_and.pdf
8,paper-0021,paper-0021_tool_health_digital_twin_for_cnc_predictive_maintenance_via_innovation_adaptive_sensor_fusio.pdf,extraction_papers/paper-0021_tool_health_digital_twin_for_cnc_predictive_maintenance_via_innovation_adaptive_sensor_fusio.pdf,extraction_papers/ontocast_runs/run_100_20260611_194110/input/paper-0021_tool_health_digital_twin_for_cnc_predictive_maintenance_via_innovation_adaptive_sensor_fusio.pdf
9,paper-0023,paper-0023_magnetostriction_of_silicon_steel_sheets_and_its_application_in_predicting_dc_bias.pdf,extraction_papers/paper-0023_magnetostriction_of_silicon_steel_sheets_and_its_application_in_predicting_dc_bias.pdf,extraction_papers/ontocast_runs/run_100_20260611_194110/input/paper-0023_magnetostriction_of_silicon_steel_sheets_and_its_application_in_predicting_dc_bias.pdf
10,paper-0024,paper-0024_an_edge_enabled_predictive_maintenance_approach_based_on_anomaly_driven_health_indicators_fo.pdf,extraction_papers/paper-0024_an_edge_enabled_predictive_maintenance_approach_based_on_anomaly_driven_health_indicators_fo.pdf,extraction_papers/ontocast_runs/run_100_20260611_194110/input/paper-0024_an_edge_enabled_predictive_maintenance_approach_based_on_anomaly_driven_health_indicators_fo.pdf
11,paper-0025,paper-0025_energy_based_multiresolution_analysis_of_fbg_measured_strain_responses_for_void_detection_in.pdf,extraction_papers/paper-0025_energy_based_multiresolution_analysis_of_fbg_measured_strain_responses_for_void_detection_in.pdf,extraction_papers/ontocast_runs/run_100_20260611_194110/input/paper-0025_energy_based_multiresolution_analysis_of_fbg_measured_strain_responses_for_void_detection_in.pdf
12,paper-0026,paper-0026_physics_informed_monotonic_conformer_for_remaining_useful_life_prediction_of_hydraulic_syste.pdf,extraction_papers/paper-0026_physics_informed_monotonic_conformer_for_remaining_useful_life_prediction_of_hydraulic_syste.pdf,extraction_papers/ontocast_runs/run_100_20260611_194110/input/paper-0026_physics_informed_monotonic_conformer_for_remaining_useful_life_prediction_of_hydraulic_syste.pdf
13,paper-0029,paper-0029_simulation_guided_interpretable_fault_diagnosis_of_hydraulic_directional_control_valves_unde.pdf,extraction_papers/paper-0029_simulation_guided_interpretable_fault_diagnosis_of_hydraulic_directional_control_valves_unde.pdf,extraction_papers/ontocast_runs/run_100_20260611_194110/input/paper-0029_simulation_guided_interpretable_fault_diagnosis_of_hydraulic_directional_control_valves_unde.pdf
14,paper-0034,paper-0034_continuous_lifetime_monitoring_technique_for_structural_components_and_main_bearings_in_wind.pdf,extraction_papers/paper-0034_continuous_lifetime_monitoring_technique_for_structural_components_and_main_bearings_in_wind.pdf,extraction_papers/ontocast_runs/run_100_20260611_194110/input/paper-0034_continuous_lifetime_monitoring_technique_for_structural_components_and_main_bearings_in_wind.pdf
15,paper-0035,paper-0035_optimal_condition_based_maintenance_decision_making_for_nonlinear_degrading_systems_a_time_s.pdf,extraction_papers/paper-0035_optimal_condition_based_maintenance_decision_making_for_nonlinear_degrading_systems_a_time_s.pdf,extraction_papers/ontocast_runs/run_100_20260611_194110/input/paper-0035_optimal_condition_based_maintenance_decision_making_for_nonlinear_degrading_systems_a_time_s.pdf
16,paper-0042,paper-0042_analysis_of_the_external_network_parameters_influence_on_the_operating_characteristics_of_se.pdf,extraction_papers/paper-0042_analysis_of_the_external_network_parameters_influence_on_the_operating_characteristics_of_se.pdf,extraction_papers/ontocast_runs/run_100_20260611_194110/input/paper-0042_analysis_of_the_external_network_parameters_influence_on_the_operating_characteristics_of_se.pdf
17,paper-0046,paper-0046_rul_prediction_based_on_xlstm_transformer_neural_network_for_rolling_element_bearings_under.pdf,extraction_papers/paper-0046_rul_prediction_based_on_xlstm_transformer_neural_network_for_rolling_element_bearings_under.pdf,extraction_papers/ontocast_runs/run_100_20260611_194110/input/paper-0046_rul_prediction_based_on_xlstm_transformer_neural_network_for_rolling_element_bearings_under.pdf
18,paper-0047,paper-0047_a_deep_learning_framework_for_remaining_useful_life_prediction_of_turbofan_engines_with_part.pdf,extraction_papers/paper-0047_a_deep_learning_framework_for_remaining_useful_life_prediction_of_turbofan_engines_with_part.pdf,extraction_papers/ontocast_runs/run_100_20260611_194110/input/paper-0047_a_deep_learning_framework_for_remaining_useful_life_prediction_of_turbofan_engines_with_part.pdf
19,paper-0048,paper-0048_deployment_oriented_lithium_ion_battery_remaining_useful_life_prediction_with_adaptive_histo.pdf,extraction_papers/paper-0048_deployment_oriented_lithium_ion_battery_remaining_useful_life_prediction_with_adaptive_histo.pdf,extraction_papers/ontocast_runs/run_100_20260611_194110/input/paper-0048_deployment_oriented_lithium_ion_battery_remaining_useful_life_prediction_with_adaptive_histo.pdf
20,paper-0051,paper-0051_hydraulic_seal_wear_classification_by_fine_tuning_a_transformer_based_audio_model_using_acou.pdf,extraction_papers/paper-0051_hydraulic_seal_wear_classification_by_fine_tuning_a_transformer_based_audio_model_using_acou.pdf,extraction_papers/ontocast_runs/run_100_20260611_194110/input/paper-0051_hydraulic_seal_wear_classification_by_fine_tuning_a_transformer_based_audio_model_using_acou.pdf
21,paper-0052,paper-0052_feature_enhanced_rocketstack_ensemble_for_multi_class_wind_turbine_blade_crack_severity_pred.pdf,extraction_papers/paper-0052_feature_enhanced_rocketstack_ensemble_for_multi_class_wind_turbine_blade_crack_severity_pred.pdf,extraction_papers/ontocast_runs/run_100_20260611_194110/input/paper-0052_feature_enhanced_rocketstack_ensemble_for_multi_class_wind_turbine_blade_crack_severity_pred.pdf
22,paper-0053,paper-0053_logistics_equipment_condition_monitoring_and_prediction_based_on_digital_twin_and_machine_le.pdf,extraction_papers/paper-0053_logistics_equipment_condition_monitoring_and_prediction_based_on_digital_twin_and_machine_le.pdf,extraction_papers/ontocast_runs/run_100_20260611_194110/input/paper-0053_logistics_equipment_condition_monitoring_and_prediction_based_on_digital_twin_and_machine_le.pdf
23,paper-0056,paper-0056_remaining_useful_life_prediction_for_rotating_machinery_via_multi_graph_based_spatiotemporal.pdf,extraction_papers/paper-0056_remaining_useful_life_prediction_for_rotating_machinery_via_multi_graph_based_spatiotemporal.pdf,extraction_papers/ontocast_runs/run_100_20260611_194110/input/paper-0056_remaining_useful_life_prediction_for_rotating_machinery_via_multi_graph_based_spatiotemporal.pdf
24,paper-0060,paper-0060_digital_twin_integration_for_enhancing_robotic_fastening_systems_in_industrial_automation.pdf,extraction_papers/paper-0060_digital_twin_integration_for_enhancing_robotic_fastening_systems_in_industrial_automation.pdf,extraction_papers/ontocast_runs/run_100_20260611_194110/input/paper-0060_digital_twin_integration_for_enhancing_robotic_fastening_systems_in_industrial_automation.pdf
25,paper-0062,paper-0062_impedance_modeling_and_analysis_of_solid_liquid_hybrid_electrolyte_lithium_ion_batteries.pdf,extraction_papers/paper-0062_impedance_modeling_and_analysis_of_solid_liquid_hybrid_electrolyte_lithium_ion_batteries.pdf,extraction_papers/ontocast_runs/run_100_20260611_194110/input/paper-0062_impedance_modeling_and_analysis_of_solid_liquid_hybrid_electrolyte_lithium_ion_batteries.pdf
26,paper-0065,paper-0065_a_hybrid_temporal_convolutional_attention_model_for_water_filter_remaining_useful_life_predi.pdf,extraction_papers/paper-0065_a_hybrid_temporal_convolutional_attention_model_for_water_filter_remaining_useful_life_predi.pdf,extraction_papers/ontocast_runs/run_100_20260611_194110/input/paper-0065_a_hybrid_temporal_convolutional_attention_model_for_water_filter_remaining_useful_life_predi.pdf
27,paper-0066,paper-0066_condition_based_maintenance_for_serial_multistage_manufacturing_system_considering_reliabili.pdf,extraction_papers/paper-0066_condition_based_maintenance_for_serial_multistage_manufacturing_system_considering_reliabili.pdf,extraction_papers/ontocast_runs/run_100_20260611_194110/input/paper-0066_condition_based_maintenance_for_serial_multistage_manufacturing_system_considering_reliabili.pdf
28,paper-0069,paper-0069_genetic_algorithm_optimized_cnn_bilstm_framework_for_predicting_the_remaining_useful_life_of.pdf,extraction_papers/paper-0069_genetic_algorithm_optimized_cnn_bilstm_framework_for_predicting_the_remaining_useful_life_of.pdf,extraction_papers/ontocast_runs/run_100_20260611_194110/input/paper-0069_genetic_algorithm_optimized_cnn_bilstm_framework_for_predicting_the_remaining_useful_life_of.pdf
29,paper-0071,paper-0071_a_multi_step_rul_prediction_method_for_lithium_ion_batteries_based_on_multi_scale_temporal_f.pdf,extraction_papers/paper-0071_a_multi_step_rul_prediction_method_for_lithium_ion_batteries_based_on_multi_scale_temporal_f.pdf,extraction_papers/ontocast_runs/run_100_20260611_194110/input/paper-0071_a_multi_step_rul_prediction_method_for_lithium_ion_batteries_based_on_multi_scale_temporal_f.pdf
30,paper-0077,paper-0077_remaining_useful_life_estimation_for_aircraft_engines_with_risk_aware_prediction_intervals_v.pdf,extraction_papers/paper-0077_remaining_useful_life_estimation_for_aircraft_engines_with_risk_aware_prediction_intervals_v.pdf,extraction_papers/ontocast_runs/run_100_20260611_194110/input/paper-0077_remaining_useful_life_estimation_for_aircraft_engines_with_risk_aware_prediction_intervals_v.pdf
31,paper-0081,paper-0081_an_unsupervised_data_driven_framework_for_bearing_failure_prognosis_via_health_stage_cluster.pdf,extraction_papers/paper-0081_an_unsupervised_data_driven_framework_for_bearing_failure_prognosis_via_health_stage_cluster.pdf,extraction_papers/ontocast_runs/run_100_20260611_194110/input/paper-0081_an_unsupervised_data_driven_framework_for_bearing_failure_prognosis_via_health_stage_cluster.pdf
32,paper-0082,paper-0082_physics_guided_data_driven_machine_health_monitoring_for_two_photon_lithography_via_part_geo.pdf,extraction_papers/paper-0082_physics_guided_data_driven_machine_health_monitoring_for_two_photon_lithography_via_part_geo.pdf,extraction_papers/ontocast_runs/run_100_20260611_194110/input/paper-0082_physics_guided_data_driven_machine_health_monitoring_for_two_photon_lithography_via_part_geo.pdf
33,paper-0083,paper-0083_silicone_rubber_triboelectric_nanogenerator_for_self_powered_wide_range_frequency_vibration.pdf,extraction_papers/paper-0083_silicone_rubber_triboelectric_nanogenerator_for_self_powered_wide_range_frequency_vibration.pdf,extraction_papers/ontocast_runs/run_100_20260611_194110/input/paper-0083_silicone_rubber_triboelectric_nanogenerator_for_self_powered_wide_range_frequency_vibration.pdf
34,paper-0089,paper-0089_adaptive_thresholding_for_production_imbalance_detection_in_renewable_energy_systems_using_s.pdf,extraction_papers/paper-0089_adaptive_thresholding_for_production_imbalance_detection_in_renewable_energy_systems_using_s.pdf,extraction_papers/ontocast_runs/run_100_20260611_194110/input/paper-0089_adaptive_thresholding_for_production_imbalance_detection_in_renewable_energy_systems_using_s.pdf
35,paper-0099,paper-0099_self_aligning_ball_bearing_fault_classification_using_selective_kernel_modules_in_resnext_ar.pdf,extraction_papers/paper-0099_self_aligning_ball_bearing_fault_classification_using_selective_kernel_modules_in_resnext_ar.pdf,extraction_papers/ontocast_runs/run_100_20260611_194110/input/paper-0099_self_aligning_ball_bearing_fault_classification_using_selective_kernel_modules_in_resnext_ar.pdf
36,paper-0102,paper-0102_remaining_useful_life_prediction_method_based_on_gated_dilation_causal_convolution.pdf,extraction_papers/paper-0102_remaining_useful_life_prediction_method_based_on_gated_dilation_causal_convolution.pdf,extraction_papers/ontocast_runs/run_100_20260611_194110/input/paper-0102_remaining_useful_life_prediction_method_based_on_gated_dilation_causal_convolution.pdf
37,paper-0104,paper-0104_scada_based_stator_winding_prognostics_a_temperature_weighted_work_index_for_industrial_moto.pdf,extraction_papers/paper-0104_scada_based_stator_winding_prognostics_a_temperature_weighted_work_index_for_industrial_moto.pdf,extraction_papers/ontocast_runs/run_100_20260611_194110/input/paper-0104_scada_based_stator_winding_prognostics_a_temperature_weighted_work_index_for_industrial_moto.pdf
38,paper-0105,paper-0105_intelligent_system_for_automated_design_of_energy_efficient_facilities_in_the_agro_industria.pdf,extraction_papers/paper-0105_intelligent_system_for_automated_design_of_energy_efficient_facilities_in_the_agro_industria.pdf,extraction_papers/ontocast_runs/run_100_20260611_194110/input/paper-0105_intelligent_system_for_automated_design_of_energy_efficient_facilities_in_the_agro_industria.pdf
39,paper-0108,paper-0108_digital_demodulation_method_and_application_of_a_pwm_excited_differential_self_inductive_dis.pdf,extraction_papers/paper-0108_digital_demodulation_method_and_application_of_a_pwm_excited_differential_self_inductive_dis.pdf,extraction_papers/ontocast_runs/run_100_20260611_194110/input/paper-0108_digital_demodulation_method_and_application_of_a_pwm_excited_differential_self_inductive_dis.pdf
40,paper-0110,paper-0110_a_framework_for_probabilistic_prediction_of_remaining_useful_life_in_structural_materials.pdf,extraction_papers/paper-0110_a_framework_for_probabilistic_prediction_of_remaining_useful_life_in_structural_materials.pdf,extraction_papers/ontocast_runs/run_100_20260611_194110/input/paper-0110_a_framework_for_probabilistic_prediction_of_remaining_useful_life_in_structural_materials.pdf
41,paper-0111,paper-0111_structural_fatigue_failure_analysis_and_lifetime_reliability_monitoring_strategy_of_the_latt.pdf,extraction_papers/paper-0111_structural_fatigue_failure_analysis_and_lifetime_reliability_monitoring_strategy_of_the_latt.pdf,extraction_papers/ontocast_runs/run_100_20260611_194110/input/paper-0111_structural_fatigue_failure_analysis_and_lifetime_reliability_monitoring_strategy_of_the_latt.pdf
42,paper-0116,paper-0116_a_quantitative_estimation_method_for_cable_deterioration_degree_based_on_sdp_transform_and_r.pdf,extraction_papers/paper-0116_a_quantitative_estimation_method_for_cable_deterioration_degree_based_on_sdp_transform_and_r.pdf,extraction_papers/ontocast_runs/run_100_20260611_194110/input/paper-0116_a_quantitative_estimation_method_for_cable_deterioration_degree_based_on_sdp_transform_and_r.pdf
43,paper-0123,paper-0123_characterization_and_health_index_assessment_of_34_5_kv_cross_linked_polyethylene_xlpe_power.pdf,extraction_papers/paper-0123_characterization_and_health_index_assessment_of_34_5_kv_cross_linked_polyethylene_xlpe_power.pdf,extraction_papers/ontocast_runs/run_100_20260611_194110/input/paper-0123_characterization_and_health_index_assessment_of_34_5_kv_cross_linked_polyethylene_xlpe_power.pdf
44,paper-0125,paper-0125_a_method_for_selecting_key_flight_parameters_of_aircraft_based_on_dual_domain_rough_set_and.pdf,extraction_papers/paper-0125_a_method_for_selecting_key_flight_parameters_of_aircraft_based_on_dual_domain_rough_set_and.pdf,extraction_papers/ontocast_runs/run_100_20260611_194110/input/paper-0125_a_method_for_selecting_key_flight_parameters_of_aircraft_based_on_dual_domain_rough_set_and.pdf
45,paper-0127,paper-0127_temporal_modeling_for_domain_invariant_fault_diagnosis_in_robotics_digital_twin_systems.pdf,extraction_papers/paper-0127_temporal_modeling_for_domain_invariant_fault_diagnosis_in_robotics_digital_twin_systems.pdf,extraction_papers/ontocast_runs/run_100_20260611_194110/input/paper-0127_temporal_modeling_for_domain_invariant_fault_diagnosis_in_robotics_digital_twin_systems.pdf
46,paper-0129,paper-0129_data_driven_remaining_useful_life_prediction_for_pt_rh_thermocouples_using_an_extended_kalma.pdf,extraction_papers/paper-0129_data_driven_remaining_useful_life_prediction_for_pt_rh_thermocouples_using_an_extended_kalma.pdf,extraction_papers/ontocast_runs/run_100_20260611_194110/input/paper-0129_data_driven_remaining_useful_life_prediction_for_pt_rh_thermocouples_using_an_extended_kalma.pdf
47,paper-0136,paper-0136_tribotechnical_diagnostics_of_aircraft_emergency_hydrogenerator_np_27_t.pdf,extraction_papers/paper-0136_tribotechnical_diagnostics_of_aircraft_emergency_hydrogenerator_np_27_t.pdf,extraction_papers/ontocast_runs/run_100_20260611_194110/input/paper-0136_tribotechnical_diagnostics_of_aircraft_emergency_hydrogenerator_np_27_t.pdf
48,paper-0137,paper-0137_enhanced_acoustic_monitoring_for_industrial_predictive_maintenance_using_semi_coprime_microp.pdf,extraction_papers/paper-0137_enhanced_acoustic_monitoring_for_industrial_predictive_maintenance_using_semi_coprime_microp.pdf,extraction_papers/ontocast_runs/run_100_20260611_194110/input/paper-0137_enhanced_acoustic_monitoring_for_industrial_predictive_maintenance_using_semi_coprime_microp.pdf
49,paper-0138,paper-0138_turbofan_engine_health_status_prediction_with_heterogeneous_ensemble_deep_neural_networks.pdf,extraction_papers/paper-0138_turbofan_engine_health_status_prediction_with_heterogeneous_ensemble_deep_neural_networks.pdf,extraction_papers/ontocast_runs/run_100_20260611_194110/input/paper-0138_turbofan_engine_health_status_prediction_with_heterogeneous_ensemble_deep_neural_networks.pdf
50,paper-0142,paper-0142_a_comparative_study_of_imbalance_handling_methods_in_multiclass_predictive_maintenance.pdf,extraction_papers/paper-0142_a_comparative_study_of_imbalance_handling_methods_in_multiclass_predictive_maintenance.pdf,extraction_papers/ontocast_runs/run_100_20260611_194110/input/paper-0142_a_comparative_study_of_imbalance_handling_methods_in_multiclass_predictive_maintenance.pdf
51,paper-0143,paper-0143_design_of_an_in_pipe_inspection_robotic_system_ipirs_with_yolov8_lstm_integration_for_real_t.pdf,extraction_papers/paper-0143_design_of_an_in_pipe_inspection_robotic_system_ipirs_with_yolov8_lstm_integration_for_real_t.pdf,extraction_papers/ontocast_runs/run_100_20260611_194110/input/paper-0143_design_of_an_in_pipe_inspection_robotic_system_ipirs_with_yolov8_lstm_integration_for_real_t.pdf
52,paper-0144,paper-0144_optimal_condition_based_maintenance_strategy_for_a_three_state_system_under_dependent_compet.pdf,extraction_papers/paper-0144_optimal_condition_based_maintenance_strategy_for_a_three_state_system_under_dependent_compet.pdf,extraction_papers/ontocast_runs/run_100_20260611_194110/input/paper-0144_optimal_condition_based_maintenance_strategy_for_a_three_state_system_under_dependent_compet.pdf
53,paper-0148,paper-0148_a_machine_learning_based_classification_method_for_synrm_faults.pdf,extraction_papers/paper-0148_a_machine_learning_based_classification_method_for_synrm_faults.pdf,extraction_papers/ontocast_runs/run_100_20260611_194110/input/paper-0148_a_machine_learning_based_classification_method_for_synrm_faults.pdf
54,paper-0149,paper-0149_enhanced_neural_real_time_digital_twin_for_electrical_drives.pdf,extraction_papers/paper-0149_enhanced_neural_real_time_digital_twin_for_electrical_drives.pdf,extraction_papers/ontocast_runs/run_100_20260611_194110/input/paper-0149_enhanced_neural_real_time_digital_twin_for_electrical_drives.pdf
55,paper-0150,paper-0150_a_two_stage_framework_for_cost_sensitive_predictive_maintenance_using_deep_learning_gans_and.pdf,extraction_papers/paper-0150_a_two_stage_framework_for_cost_sensitive_predictive_maintenance_using_deep_learning_gans_and.pdf,extraction_papers/ontocast_runs/run_100_20260611_194110/input/paper-0150_a_two_stage_framework_for_cost_sensitive_predictive_maintenance_using_deep_learning_gans_and.pdf
56,paper-0155,paper-0155_prediction_of_remaining_useful_life_for_electronic_equipment_based_on_online_pinn.pdf,extraction_papers/paper-0155_prediction_of_remaining_useful_life_for_electronic_equipment_based_on_online_pinn.pdf,extraction_papers/ontocast_runs/run_100_20260611_194110/input/paper-0155_prediction_of_remaining_useful_life_for_electronic_equipment_based_on_online_pinn.pdf
57,paper-0157,paper-0157_differentially_private_federated_learning_for_remaining_useful_life_prediction.pdf,extraction_papers/paper-0157_differentially_private_federated_learning_for_remaining_useful_life_prediction.pdf,extraction_papers/ontocast_runs/run_100_20260611_194110/input/paper-0157_differentially_private_federated_learning_for_remaining_useful_life_prediction.pdf
58,paper-0161,paper-0161_mfafenet_a_multi_sensor_collaborative_and_multi_scale_feature_information_adaptive_fusion_ne.pdf,extraction_papers/paper-0161_mfafenet_a_multi_sensor_collaborative_and_multi_scale_feature_information_adaptive_fusion_ne.pdf,extraction_papers/ontocast_runs/run_100_20260611_194110/input/paper-0161_mfafenet_a_multi_sensor_collaborative_and_multi_scale_feature_information_adaptive_fusion_ne.pdf
59,paper-0162,paper-0162_multivariate_time_series_forecasting_of_astri_horn_monitoring_data_a_normal_behavior_model.pdf,extraction_papers/paper-0162_multivariate_time_series_forecasting_of_astri_horn_monitoring_data_a_normal_behavior_model.pdf,extraction_papers/ontocast_runs/run_100_20260611_194110/input/paper-0162_multivariate_time_series_forecasting_of_astri_horn_monitoring_data_a_normal_behavior_model.pdf
60,paper-0163,paper-0163_a_data_driven_framework_for_lithium_ion_battery_remaining_useful_life_prediction_using_cnn_a.pdf,extraction_papers/paper-0163_a_data_driven_framework_for_lithium_ion_battery_remaining_useful_life_prediction_using_cnn_a.pdf,extraction_papers/ontocast_runs/run_100_20260611_194110/input/paper-0163_a_data_driven_framework_for_lithium_ion_battery_remaining_useful_life_prediction_using_cnn_a.pdf
61,paper-0164,paper-0164_reducing_label_dependence_in_vibration_based_drill_bit_condition_monitoring_with_masked_feat.pdf,extraction_papers/paper-0164_reducing_label_dependence_in_vibration_based_drill_bit_condition_monitoring_with_masked_feat.pdf,extraction_papers/ontocast_runs/run_100_20260611_194110/input/paper-0164_reducing_label_dependence_in_vibration_based_drill_bit_condition_monitoring_with_masked_feat.pdf
62,paper-0167,paper-0167_optimization_of_cnn_bilstm_attention_model_for_lithium_battery_remaining_useful_life_predict.pdf,extraction_papers/paper-0167_optimization_of_cnn_bilstm_attention_model_for_lithium_battery_remaining_useful_life_predict.pdf,extraction_papers/ontocast_runs/run_100_20260611_194110/input/paper-0167_optimization_of_cnn_bilstm_attention_model_for_lithium_battery_remaining_useful_life_predict.pdf
63,paper-0168,paper-0168_state_of_health_estimation_for_lithium_ion_battery_with_interpretable_analysis.pdf,extraction_papers/paper-0168_state_of_health_estimation_for_lithium_ion_battery_with_interpretable_analysis.pdf,extraction_papers/ontocast_runs/run_100_20260611_194110/input/paper-0168_state_of_health_estimation_for_lithium_ion_battery_with_interpretable_analysis.pdf
64,paper-0174,paper-0174_sa_consingan_and_reservoir_computing_fusion_for_accurate_bearing_fault_classification_and_se.pdf,extraction_papers/paper-0174_sa_consingan_and_reservoir_computing_fusion_for_accurate_bearing_fault_classification_and_se.pdf,extraction_papers/ontocast_runs/run_100_20260611_194110/input/paper-0174_sa_consingan_and_reservoir_computing_fusion_for_accurate_bearing_fault_classification_and_se.pdf
65,paper-0177,paper-0177_enhancing_photovoltaic_pv_system_efficiency_through_integrated_inclination_control_and_i_v_c.pdf,extraction_papers/paper-0177_enhancing_photovoltaic_pv_system_efficiency_through_integrated_inclination_control_and_i_v_c.pdf,extraction_papers/ontocast_runs/run_100_20260611_194110/input/paper-0177_enhancing_photovoltaic_pv_system_efficiency_through_integrated_inclination_control_and_i_v_c.pdf
66,paper-0178,paper-0178_experimental_evaluation_of_multi_sensor_ai_based_fault_diagnosis_for_induction_motors_in_ind.pdf,extraction_papers/paper-0178_experimental_evaluation_of_multi_sensor_ai_based_fault_diagnosis_for_induction_motors_in_ind.pdf,extraction_papers/ontocast_runs/run_100_20260611_194110/input/paper-0178_experimental_evaluation_of_multi_sensor_ai_based_fault_diagnosis_for_induction_motors_in_ind.pdf
67,paper-0183,paper-0183_dsnet_dynamic_segmentation_revolution_for_remaining_useful_life_prediction_in_mixed_model_pr.pdf,extraction_papers/paper-0183_dsnet_dynamic_segmentation_revolution_for_remaining_useful_life_prediction_in_mixed_model_pr.pdf,extraction_papers/ontocast_runs/run_100_20260611_194110/input/paper-0183_dsnet_dynamic_segmentation_revolution_for_remaining_useful_life_prediction_in_mixed_model_pr.pdf
68,paper-0184,paper-0184_development_of_a_sustainable_non_intrusive_monitoring_framework_for_grid_connected_photovolt.pdf,extraction_papers/paper-0184_development_of_a_sustainable_non_intrusive_monitoring_framework_for_grid_connected_photovolt.pdf,extraction_papers/ontocast_runs/run_100_20260611_194110/input/paper-0184_development_of_a_sustainable_non_intrusive_monitoring_framework_for_grid_connected_photovolt.pdf
69,paper-0185,paper-0185_enhanced_methodology_of_parameter_diagram_for_system_analysis_and_sensor_integration_in_cond.pdf,extraction_papers/paper-0185_enhanced_methodology_of_parameter_diagram_for_system_analysis_and_sensor_integration_in_cond.pdf,extraction_papers/ontocast_runs/run_100_20260611_194110/input/paper-0185_enhanced_methodology_of_parameter_diagram_for_system_analysis_and_sensor_integration_in_cond.pdf
70,paper-0190,paper-0190_selection_of_number_of_imfs_and_order_of_their_ar_models_for_feature_extraction_in_svm_based.pdf,extraction_papers/paper-0190_selection_of_number_of_imfs_and_order_of_their_ar_models_for_feature_extraction_in_svm_based.pdf,extraction_papers/ontocast_runs/run_100_20260611_194110/input/paper-0190_selection_of_number_of_imfs_and_order_of_their_ar_models_for_feature_extraction_in_svm_based.pdf
71,paper-0201,paper-0201_intelligent_tool_wear_monitoring_using_xgboost_svr_and_dnn_models_in_nmql_environment.pdf,extraction_papers/paper-0201_intelligent_tool_wear_monitoring_using_xgboost_svr_and_dnn_models_in_nmql_environment.pdf,extraction_papers/ontocast_runs/run_100_20260611_194110/input/paper-0201_intelligent_tool_wear_monitoring_using_xgboost_svr_and_dnn_models_in_nmql_environment.pdf
72,paper-0204,paper-0204_non_contact_bearing_fault_diagnostics_experimental_investigation_of_microphones_position_and.pdf,extraction_papers/paper-0204_non_contact_bearing_fault_diagnostics_experimental_investigation_of_microphones_position_and.pdf,extraction_papers/ontocast_runs/run_100_20260611_194110/input/paper-0204_non_contact_bearing_fault_diagnostics_experimental_investigation_of_microphones_position_and.pdf
73,paper-0205,paper-0205_cpu_deployment_oriented_evaluation_of_compact_neural_networks_for_remaining_useful_life_pred.pdf,extraction_papers/paper-0205_cpu_deployment_oriented_evaluation_of_compact_neural_networks_for_remaining_useful_life_pred.pdf,extraction_papers/ontocast_runs/run_100_20260611_194110/input/paper-0205_cpu_deployment_oriented_evaluation_of_compact_neural_networks_for_remaining_useful_life_pred.pdf
74,paper-0210,paper-0210_toward_sustainable_photovoltaic_operations_evaluating_validation_strategies_for_inverter_fau.pdf,extraction_papers/paper-0210_toward_sustainable_photovoltaic_operations_evaluating_validation_strategies_for_inverter_fau.pdf,extraction_papers/ontocast_runs/run_100_20260611_194110/input/paper-0210_toward_sustainable_photovoltaic_operations_evaluating_validation_strategies_for_inverter_fau.pdf
75,paper-0212,paper-0212_iiot_based_remote_monitoring_system_for_temperature_current_and_vibration_using_plc_and_node.pdf,extraction_papers/paper-0212_iiot_based_remote_monitoring_system_for_temperature_current_and_vibration_using_plc_and_node.pdf,extraction_papers/ontocast_runs/run_100_20260611_194110/input/paper-0212_iiot_based_remote_monitoring_system_for_temperature_current_and_vibration_using_plc_and_node.pdf
76,paper-0213,paper-0213_fouling_induced_degradation_and_pneumoshock_cleaning_strategy_for_shell_and_tube_heat_exchan.pdf,extraction_papers/paper-0213_fouling_induced_degradation_and_pneumoshock_cleaning_strategy_for_shell_and_tube_heat_exchan.pdf,extraction_papers/ontocast_runs/run_100_20260611_194110/input/paper-0213_fouling_induced_degradation_and_pneumoshock_cleaning_strategy_for_shell_and_tube_heat_exchan.pdf
77,paper-0217,paper-0217_fault_detection_and_diagnosis_in_photovoltaic_systems_using_artificial_intelligence_and_time.pdf,extraction_papers/paper-0217_fault_detection_and_diagnosis_in_photovoltaic_systems_using_artificial_intelligence_and_time.pdf,extraction_papers/ontocast_runs/run_100_20260611_194110/input/paper-0217_fault_detection_and_diagnosis_in_photovoltaic_systems_using_artificial_intelligence_and_time.pdf
78,paper-0218,paper-0218_hvc_nsga_iii_with_thermal_electrochemical_degradation_coupling_for_four_objective_day_ahead.pdf,extraction_papers/paper-0218_hvc_nsga_iii_with_thermal_electrochemical_degradation_coupling_for_four_objective_day_ahead.pdf,extraction_papers/ontocast_runs/run_100_20260611_194110/input/paper-0218_hvc_nsga_iii_with_thermal_electrochemical_degradation_coupling_for_four_objective_day_ahead.pdf
79,paper-0221,paper-0221_multi_sensor_process_monitoring_and_fault_diagnosis_for_multi_mode_industrial_servomotor_sys.pdf,extraction_papers/paper-0221_multi_sensor_process_monitoring_and_fault_diagnosis_for_multi_mode_industrial_servomotor_sys.pdf,extraction_papers/ontocast_runs/run_100_20260611_194110/input/paper-0221_multi_sensor_process_monitoring_and_fault_diagnosis_for_multi_mode_industrial_servomotor_sys.pdf
80,paper-0222,paper-0222_coupled_fluid_structure_interaction_simulation_of_aerodynamic_load_fluctuations_and_fatigue.pdf,extraction_papers/paper-0222_coupled_fluid_structure_interaction_simulation_of_aerodynamic_load_fluctuations_and_fatigue.pdf,extraction_papers/ontocast_runs/run_100_20260611_194110/input/paper-0222_coupled_fluid_structure_interaction_simulation_of_aerodynamic_load_fluctuations_and_fatigue.pdf
81,paper-0223,paper-0223_research_on_the_end_mill_life_prediction_method_based_on_feature_fusion.pdf,extraction_papers/paper-0223_research_on_the_end_mill_life_prediction_method_based_on_feature_fusion.pdf,extraction_papers/ontocast_runs/run_100_20260611_194110/input/paper-0223_research_on_the_end_mill_life_prediction_method_based_on_feature_fusion.pdf
82,paper-0224,paper-0224_lamb_wave_based_structural_health_monitoring_for_surface_crack_detection_in_pipelines.pdf,extraction_papers/paper-0224_lamb_wave_based_structural_health_monitoring_for_surface_crack_detection_in_pipelines.pdf,extraction_papers/ontocast_runs/run_100_20260611_194110/input/paper-0224_lamb_wave_based_structural_health_monitoring_for_surface_crack_detection_in_pipelines.pdf
83,paper-0226,paper-0226_prediction_of_imminent_battery_depletion_in_implantable_cardioverter_defibrillator.pdf,extraction_papers/paper-0226_prediction_of_imminent_battery_depletion_in_implantable_cardioverter_defibrillator.pdf,extraction_papers/ontocast_runs/run_100_20260611_194110/input/paper-0226_prediction_of_imminent_battery_depletion_in_implantable_cardioverter_defibrillator.pdf
84,paper-0227,paper-0227_integrated_pdm_oee_lcc_framework_a_stochastic_control_approach_for_industry_4_0_systems.pdf,extraction_papers/paper-0227_integrated_pdm_oee_lcc_framework_a_stochastic_control_approach_for_industry_4_0_systems.pdf,extraction_papers/ontocast_runs/run_100_20260611_194110/input/paper-0227_integrated_pdm_oee_lcc_framework_a_stochastic_control_approach_for_industry_4_0_systems.pdf
85,paper-0228,paper-0228_a_bayesian_prognosis_framework_for_rolling_bearings_based_on_total_harmonic_distortion_healt.pdf,extraction_papers/paper-0228_a_bayesian_prognosis_framework_for_rolling_bearings_based_on_total_harmonic_distortion_healt.pdf,extraction_papers/ontocast_runs/run_100_20260611_194110/input/paper-0228_a_bayesian_prognosis_framework_for_rolling_bearings_based_on_total_harmonic_distortion_healt.pdf
86,paper-0229,paper-0229_a_spatio_temporal_feature_fusion_network_based_on_deep_learning_for_collaborative_prediction.pdf,extraction_papers/paper-0229_a_spatio_temporal_feature_fusion_network_based_on_deep_learning_for_collaborative_prediction.pdf,extraction_papers/ontocast_runs/run_100_20260611_194110/input/paper-0229_a_spatio_temporal_feature_fusion_network_based_on_deep_learning_for_collaborative_prediction.pdf
87,paper-0231,paper-0231_condition_monitoring_of_silicone_rubber_insulators_using_criteria_established_through_wavele.pdf,extraction_papers/paper-0231_condition_monitoring_of_silicone_rubber_insulators_using_criteria_established_through_wavele.pdf,extraction_papers/ontocast_runs/run_100_20260611_194110/input/paper-0231_condition_monitoring_of_silicone_rubber_insulators_using_criteria_established_through_wavele.pdf
88,paper-0232,paper-0232_experimental_characterization_and_non_linear_dynamic_modelling_of_pcd_bearings_a_digital_twi.pdf,extraction_papers/paper-0232_experimental_characterization_and_non_linear_dynamic_modelling_of_pcd_bearings_a_digital_twi.pdf,extraction_papers/ontocast_runs/run_100_20260611_194110/input/paper-0232_experimental_characterization_and_non_linear_dynamic_modelling_of_pcd_bearings_a_digital_twi.pdf
89,paper-0239,paper-0239_simulation_assisted_multimodal_deep_learning_sim_mdl_fusion_models_for_the_evaluation_of_the.pdf,extraction_papers/paper-0239_simulation_assisted_multimodal_deep_learning_sim_mdl_fusion_models_for_the_evaluation_of_the.pdf,extraction_papers/ontocast_runs/run_100_20260611_194110/input/paper-0239_simulation_assisted_multimodal_deep_learning_sim_mdl_fusion_models_for_the_evaluation_of_the.pdf
90,paper-0243,paper-0243_gearbox_bearing_crack_growth_prognostics_and_uncertainty_quantification_with_physics_informe.pdf,extraction_papers/paper-0243_gearbox_bearing_crack_growth_prognostics_and_uncertainty_quantification_with_physics_informe.pdf,extraction_papers/ontocast_runs/run_100_20260611_194110/input/paper-0243_gearbox_bearing_crack_growth_prognostics_and_uncertainty_quantification_with_physics_informe.pdf
91,paper-0246,paper-0246_a_transformer_based_variational_autoencoder_for_training_data_generation_in_spindle_motor_vi.pdf,extraction_papers/paper-0246_a_transformer_based_variational_autoencoder_for_training_data_generation_in_spindle_motor_vi.pdf,extraction_papers/ontocast_runs/run_100_20260611_194110/input/paper-0246_a_transformer_based_variational_autoencoder_for_training_data_generation_in_spindle_motor_vi.pdf
92,paper-0247,paper-0247_an_integrated_tqwt_deep_learning_framework_for_intelligent_tool_cutter_selection_using_clona.pdf,extraction_papers/paper-0247_an_integrated_tqwt_deep_learning_framework_for_intelligent_tool_cutter_selection_using_clona.pdf,extraction_papers/ontocast_runs/run_100_20260611_194110/input/paper-0247_an_integrated_tqwt_deep_learning_framework_for_intelligent_tool_cutter_selection_using_clona.pdf
93,paper-0250,paper-0250_pidnn_a_hybrid_intelligent_prediction_model_for_uav_battery_degradation.pdf,extraction_papers/paper-0250_pidnn_a_hybrid_intelligent_prediction_model_for_uav_battery_degradation.pdf,extraction_papers/ontocast_runs/run_100_20260611_194110/input/paper-0250_pidnn_a_hybrid_intelligent_prediction_model_for_uav_battery_degradation.pdf
94,paper-0255,paper-0255_a_hybrid_ensemble_and_explainable_ai_framework_for_predictive_maintenance_of_industrial_equi.pdf,extraction_papers/paper-0255_a_hybrid_ensemble_and_explainable_ai_framework_for_predictive_maintenance_of_industrial_equi.pdf,extraction_papers/ontocast_runs/run_100_20260611_194110/input/paper-0255_a_hybrid_ensemble_and_explainable_ai_framework_for_predictive_maintenance_of_industrial_equi.pdf
95,paper-0257,paper-0257_a_novel_load_dependent_multimodal_vibration_signal_enhancement_and_fusion_framework_ld_mvsef.pdf,extraction_papers/paper-0257_a_novel_load_dependent_multimodal_vibration_signal_enhancement_and_fusion_framework_ld_mvsef.pdf,extraction_papers/ontocast_runs/run_100_20260611_194110/input/paper-0257_a_novel_load_dependent_multimodal_vibration_signal_enhancement_and_fusion_framework_ld_mvsef.pdf
96,paper-0258,paper-0258_a_tcn_attention_fusion_model_for_fault_prediction_and_remaining_useful_life_estimation_of_la.pdf,extraction_papers/paper-0258_a_tcn_attention_fusion_model_for_fault_prediction_and_remaining_useful_life_estimation_of_la.pdf,extraction_papers/ontocast_runs/run_100_20260611_194110/input/paper-0258_a_tcn_attention_fusion_model_for_fault_prediction_and_remaining_useful_life_estimation_of_la.pdf
97,paper-0262,paper-0262_a_hybrid_diagnostic_framework_with_compensation_algorithms_for_inherent_rotor_faults_using_r.pdf,extraction_papers/paper-0262_a_hybrid_diagnostic_framework_with_compensation_algorithms_for_inherent_rotor_faults_using_r.pdf,extraction_papers/ontocast_runs/run_100_20260611_194110/input/paper-0262_a_hybrid_diagnostic_framework_with_compensation_algorithms_for_inherent_rotor_faults_using_r.pdf
98,paper-0263,paper-0263_scada_data_driven_remaining_useful_life_estimation_of_wind_turbine_generators.pdf,extraction_papers/paper-0263_scada_data_driven_remaining_useful_life_estimation_of_wind_turbine_generators.pdf,extraction_papers/ontocast_runs/run_100_20260611_194110/input/paper-0263_scada_data_driven_remaining_useful_life_estimation_of_wind_turbine_generators.pdf
99,paper-0265,paper-0265_packaged_fbg_pmn_pt_sensor_for_contactless_electric_field_monitoring_of_overhead_line_insula.pdf,extraction_papers/paper-0265_packaged_fbg_pmn_pt_sensor_for_contactless_electric_field_monitoring_of_overhead_line_insula.pdf,extraction_papers/ontocast_runs/run_100_20260611_194110/input/paper-0265_packaged_fbg_pmn_pt_sensor_for_contactless_electric_field_monitoring_of_overhead_line_insula.pdf
100,paper-0267,paper-0267_an_impact_load_history_reconstruction_method_for_composite_structures_based_on_fbg_sensing_d.pdf,extraction_papers/paper-0267_an_impact_load_history_reconstruction_method_for_composite_structures_based_on_fbg_sensing_d.pdf,extraction_papers/ontocast_runs/run_100_20260611_194110/input/paper-0267_an_impact_load_history_reconstruction_method_for_composite_structures_based_on_fbg_sensing_d.pdf
