method,pool_size,top_k,lambda,keep_top1,weights,n_queries,mean_similarity,top1_similarity,ild_main_weights,unique_model_signatures,unique_model_types,unique_model_approaches,queries_with_duplicate_model_signature
CBR,10,3,1.0,True,n/a,1821,0.5591288669229362,0.5630340472267985,0.4069506496009775,2.8506315211422297,1.8550247116968699,1.4514003294892917,264
MMR,10,3,0.0,True,main,1821,0.5424083836719751,0.5630340472267985,0.5708893722087708,3.0,2.2828116419549698,1.8034047226798462,0
MMR,10,3,0.5,True,main,1821,0.5554416987003478,0.5630340472267985,0.5664753306230603,3.0,2.2504118616144977,1.7770455793520044,0
MMR,10,3,0.6,True,main,1821,0.5559782170968333,0.5630340472267985,0.5650645432859142,3.0,2.245469522240527,1.771554091158704,0
MMR,10,3,0.7,True,main,1821,0.5565200439319056,0.5630340472267985,0.5634084883685785,2.99780340472268,2.2377814387699067,1.7666117517847337,4
MMR,10,3,0.8,True,main,1821,0.5570175727622185,0.5630340472267985,0.5611283980573437,2.9945085118066994,2.2372322899505765,1.7649643053267436,10
MMR,10,3,0.9,True,main,1821,0.557809262310086,0.5630340472267985,0.5534962083289597,2.9923119165293794,2.203185063152114,1.7622185612300933,13
MMR,10,3,1.0,True,main,1821,0.5591288669229362,0.5630340472267985,0.4069506496009775,2.8506315211422297,1.8550247116968699,1.4514003294892917,264
CBR,10,5,1.0,True,n/a,1821,0.5563079626578803,0.5630340472267985,0.42155414972086974,4.633168588687535,2.4162548050521693,1.6073585941790225,610
MMR,10,5,0.0,True,main,1821,0.539681933003844,0.5630340472267985,0.5114728777023985,5.0,2.737506864360242,1.8764415156507412,0
MMR,10,5,0.5,True,main,1821,0.5535014827018122,0.5630340472267985,0.5057982203580252,5.0,2.7237781438769906,1.8506315211422295,0
MMR,10,5,0.6,True,main,1821,0.5542176825919825,0.5630340472267985,0.5043311120698668,5.0,2.7116968698517296,1.843492586490939,0
MMR,10,5,0.7,True,main,1821,0.5545641954969797,0.5630340472267985,0.503655603626782,4.993959362987369,2.71059857221307,1.842394288852279,11
MMR,10,5,0.8,True,main,1821,0.5549702361339923,0.5630340472267985,0.502339116076446,4.99176276771005,2.725425590334981,1.841845140032949,14
MMR,10,5,0.9,True,main,1821,0.5553569467325645,0.5630340472267985,0.49942236314665905,4.9851729818780885,2.725974739154311,1.8390993959362987,25
MMR,10,5,1.0,True,main,1821,0.5563079626578803,0.5630340472267985,0.42155414972086974,4.633168588687535,2.4162548050521693,1.6073585941790225,610
CBR,10,10,1.0,True,n/a,1821,0.5417886326194399,0.5630340472267985,0.4324850205889184,9.173531026908293,3.4200988467874796,1.899505766062603,1108
MMR,10,10,0.0,True,main,1821,0.5417886326194399,0.5630340472267985,0.4324850205889184,9.173531026908293,3.4200988467874796,1.899505766062603,1108
MMR,10,10,0.5,True,main,1821,0.5417886326194399,0.5630340472267985,0.4324850205889184,9.173531026908293,3.4200988467874796,1.899505766062603,1108
MMR,10,10,0.6,True,main,1821,0.5417886326194399,0.5630340472267985,0.4324850205889184,9.173531026908293,3.4200988467874796,1.899505766062603,1108
MMR,10,10,0.7,True,main,1821,0.5417886326194399,0.5630340472267985,0.4324850205889184,9.173531026908293,3.4200988467874796,1.899505766062603,1108
MMR,10,10,0.8,True,main,1821,0.5417886326194399,0.5630340472267985,0.4324850205889184,9.173531026908293,3.4200988467874796,1.899505766062603,1108
MMR,10,10,0.9,True,main,1821,0.5417886326194399,0.5630340472267985,0.4324850205889184,9.173531026908293,3.4200988467874796,1.899505766062603,1108
MMR,10,10,1.0,True,main,1821,0.5417886326194399,0.5630340472267985,0.4324850205889184,9.173531026908293,3.4200988467874796,1.899505766062603,1108
CBR,15,3,1.0,True,n/a,1821,0.5591288669229362,0.5630340472267985,0.4069506496009775,2.8506315211422297,1.8550247116968699,1.4514003294892917,264
MMR,15,3,0.0,True,main,1821,0.5372121544938678,0.5630340472267985,0.6030300922091629,3.0,2.460186710598572,1.9214717188358046,0
MMR,15,3,0.5,True,main,1821,0.553998352553542,0.5630340472267985,0.5902167314800796,3.0,2.3887973640856672,1.8555738605162,0
MMR,15,3,0.6,True,main,1821,0.5548123741533956,0.5630340472267985,0.5884012504993547,3.0,2.3789126853377267,1.8511806699615596,0
MMR,15,3,0.7,True,main,1821,0.5554453596924767,0.5630340472267985,0.5863048809040755,3.0,2.3684788577704556,1.8462383305875891,0
MMR,15,3,0.8,True,main,1821,0.5562577338458722,0.5630340472267985,0.5831941218287817,2.9945085118066994,2.3662822624931357,1.8325096101043383,10
MMR,15,3,0.9,True,main,1821,0.5574404173531027,0.5630340472267985,0.5723856217091382,2.9923119165293794,2.3069741900054916,1.8204283360790774,13
MMR,15,3,1.0,True,main,1821,0.5591288669229362,0.5630340472267985,0.4069506496009775,2.8506315211422297,1.8550247116968699,1.4514003294892917,264
CBR,15,5,1.0,True,n/a,1821,0.5563079626578803,0.5630340472267985,0.42155414972086974,4.633168588687535,2.4162548050521693,1.6073585941790225,610
MMR,15,5,0.0,True,main,1821,0.5286116419549698,0.5630340472267985,0.5418486579173699,5.0,3.017023613399231,1.9681493684788578,0
MMR,15,5,0.5,True,main,1821,0.5522390993959363,0.5630340472267985,0.5294775852964917,5.0,2.8973091707852827,1.9071938495332235,0
MMR,15,5,0.6,True,main,1821,0.553282811641955,0.5630340472267985,0.5274060021285034,5.0,2.885777045579352,1.8973091707852827,0
MMR,15,5,0.7,True,main,1821,0.5536417353102691,0.5630340472267985,0.526472971220212,4.99725425590335,2.880834706205382,1.8962108731466227,5
MMR,15,5,0.8,True,main,1821,0.5542945634266886,0.5630340472267985,0.5247859182733485,4.99176276771005,2.8780889621087313,1.8901702361339923,14
MMR,15,5,0.9,True,main,1821,0.5549440966501922,0.5630340472267985,0.5201233139932756,4.985722130697419,2.86271279516749,1.886326194398682,25
MMR,15,5,1.0,True,main,1821,0.5563079626578803,0.5630340472267985,0.42155414972086974,4.633168588687535,2.4162548050521693,1.6073585941790225,610
CBR,15,10,1.0,True,n/a,1821,0.5417886326194399,0.5630340472267985,0.4324850205889184,9.173531026908293,3.4200988467874796,1.899505766062603,1108
MMR,15,10,0.0,True,main,1821,0.5279264689730917,0.5630340472267985,0.4796331353169269,9.985172981878089,3.6908292147171884,1.9763866007688085,25
MMR,15,10,0.5,True,main,1821,0.5401702910488743,0.5630340472267985,0.47522053367642186,9.982976386600768,3.641405820977485,1.9725425590334982,29
MMR,15,10,0.6,True,main,1821,0.540452498627128,0.5630340472267985,0.4749745404257609,9.979132344865459,3.6397583745194946,1.971444261394838,36
MMR,15,10,0.7,True,main,1821,0.5406250411861615,0.5630340472267985,0.47470851940598785,9.974739154310818,3.6375617792421746,1.971444261394838,42
MMR,15,10,0.8,True,main,1821,0.5407403624382208,0.5630340472267985,0.47446269588678364,9.971444261394838,3.6353651839648546,1.971444261394838,48
MMR,15,10,0.9,True,main,1821,0.5410343218012081,0.5630340472267985,0.47285637878388376,9.959362987369577,3.6353651839648546,1.971993410214168,65
MMR,15,10,1.0,True,main,1821,0.5417886326194399,0.5630340472267985,0.4324850205889184,9.173531026908293,3.4200988467874796,1.899505766062603,1108
CBR,20,3,1.0,True,n/a,1821,0.5591288669229362,0.5630340472267985,0.4069506496009775,2.8506315211422297,1.8550247116968699,1.4514003294892917,264
MMR,20,3,0.0,True,main,1821,0.52611477210324,0.5630340472267985,0.6422908772307663,3.0,2.734211971444261,1.9659527732015376,0
MMR,20,3,0.5,True,main,1821,0.5524012447373239,0.5630340472267985,0.6271524170987841,3.0,2.630422844590884,1.899505766062603,0
MMR,20,3,0.6,True,main,1821,0.5537433644517664,0.5630340472267985,0.6244332792116861,3.0,2.611751784733663,1.8929159802306426,0
MMR,20,3,0.7,True,main,1821,0.5543944719018854,0.5630340472267985,0.6226563622366035,3.0,2.603514552443712,1.8874244920373422,0
MMR,20,3,0.8,True,main,1821,0.555144060040271,0.5630340472267985,0.6196346642223647,3.0,2.5963756177924218,1.8780889621087316,0
MMR,20,3,0.9,True,main,1821,0.557022698151199,0.5630340472267985,0.6029297707973545,2.9923119165293794,2.500823723228995,1.8550247116968699,13
MMR,20,3,1.0,True,main,1821,0.5591288669229362,0.5630340472267985,0.4069506496009775,2.8506315211422297,1.8550247116968699,1.4514003294892917,264
CBR,20,5,1.0,True,n/a,1821,0.5563079626578803,0.5630340472267985,0.42155414972086974,4.633168588687535,2.4162548050521693,1.6073585941790225,610
MMR,20,5,0.0,True,main,1821,0.5186638110928061,0.5630340472267985,0.5800975541533392,5.0,3.512904997254256,1.9972542559033497,0
MMR,20,5,0.5,True,main,1821,0.5506834706205381,0.5630340472267985,0.5659500806208596,5.0,3.388248215266337,1.9379461834157057,0
MMR,20,5,0.6,True,main,1821,0.5521115870400879,0.5630340472267985,0.5630267679055545,5.0,3.358594179022515,1.9253157605711149,0
MMR,20,5,0.7,True,main,1821,0.5527435475013729,0.5630340472267985,0.5614489379388802,4.99945085118067,3.3223503569467328,1.9236683141131246,1
MMR,20,5,0.8,True,main,1821,0.5535863811092806,0.5630340472267985,0.5595328179782496,4.99176276771005,3.315760571114772,1.9231191652937947,14
MMR,20,5,0.9,True,main,1821,0.5545325645249863,0.5630340472267985,0.552226680344996,4.985722130697419,3.258649093904448,1.9192751235584844,25
MMR,20,5,1.0,True,main,1821,0.5563079626578803,0.5630340472267985,0.42155414972086974,4.633168588687535,2.4162548050521693,1.6073585941790225,610
CBR,20,10,1.0,True,n/a,1821,0.5417886326194399,0.5630340472267985,0.4324850205889184,9.173531026908293,3.4200988467874796,1.899505766062603,1108
MMR,20,10,0.0,True,main,1821,0.5172579901153213,0.5630340472267985,0.5193865268445076,9.99890170236134,4.059857221306975,1.99890170236134,2
MMR,20,10,0.5,True,main,1821,0.5389477759472817,0.5630340472267985,0.5129771786413772,9.99890170236134,3.987918725974739,1.9978034047226798,2
MMR,20,10,0.6,True,main,1821,0.5393169686985173,0.5630340472267985,0.5124755976153543,9.99780340472268,3.982427237781439,1.9967051070840198,4
MMR,20,10,0.7,True,main,1821,0.539699176276771,0.5630340472267985,0.5121513842618496,9.990664470071389,3.987369577155409,1.9956068094453596,16
MMR,20,10,0.8,True,main,1821,0.5400776496430533,0.5630340472267985,0.5104071247393089,9.98682042833608,3.973640856672158,1.9950576606260297,23
MMR,20,10,0.9,True,main,1821,0.5406719934102142,0.5630340472267985,0.5064467051449824,9.976935749588138,3.969247666117518,1.9956068094453596,35
MMR,20,10,1.0,True,main,1821,0.5417886326194399,0.5630340472267985,0.4324850205889184,9.173531026908293,3.4200988467874796,1.899505766062603,1108
CBR,30,3,1.0,True,n/a,1821,0.5591288669229362,0.5630340472267985,0.4069506496009775,2.8506315211422297,1.8550247116968699,1.4514003294892917,264
MMR,30,3,0.0,True,main,1821,0.505824089328208,0.5630340472267985,0.6647585209152114,3.0,2.758923668314113,1.9961559582646897,0
MMR,30,3,0.5,True,main,1821,0.5510587589236683,0.5630340472267985,0.6457397328977081,3.0,2.6814936847885775,1.928061504667765,0
MMR,30,3,0.6,True,main,1821,0.5525205930807249,0.5630340472267985,0.6429989235523315,3.0,2.6666666666666665,1.9198242723778143,0
MMR,30,3,0.7,True,main,1821,0.5533730550979316,0.5630340472267985,0.6411282451806769,3.0,2.656232839099396,1.9154310818231741,0
MMR,30,3,0.8,True,main,1821,0.5543430349624748,0.5630340472267985,0.6375541946875457,3.0,2.645249862712795,1.9044481054365734,0
MMR,30,3,0.9,True,main,1821,0.5566093721398498,0.5630340472267985,0.6182793585891253,2.9923119165293794,2.543657331136738,1.886326194398682,13
MMR,30,3,1.0,True,main,1821,0.5591288669229362,0.5630340472267985,0.4069506496009775,2.8506315211422297,1.8550247116968699,1.4514003294892917,264
CBR,30,5,1.0,True,n/a,1821,0.5563079626578803,0.5630340472267985,0.42155414972086974,4.633168588687535,2.4162548050521693,1.6073585941790225,610
MMR,30,5,0.0,True,main,1821,0.4925922020867655,0.5630340472267985,0.6040647581317574,5.0,3.5963756177924218,2.0,0
MMR,30,5,0.5,True,main,1821,0.5491789126853377,0.5630340472267985,0.5822002600477352,5.0,3.5205930807248764,1.9412410763316859,0
MMR,30,5,0.6,True,main,1821,0.5509277320153761,0.5630340472267985,0.5789680108917008,5.0,3.483250961010434,1.926963207029105,0
MMR,30,5,0.7,True,main,1821,0.5516751235584844,0.5630340472267985,0.577382239039108,4.99945085118067,3.4508511806699618,1.9253157605711149,1
MMR,30,5,0.8,True,main,1821,0.5527993410214168,0.5630340472267985,0.5752092598806448,4.9923119165293794,3.43218012081274,1.9242174629324547,14
MMR,30,5,0.9,True,main,1821,0.5540257001647446,0.5630340472267985,0.5668663422728448,4.985722130697419,3.3794618341570564,1.9214717188358046,25
MMR,30,5,1.0,True,main,1821,0.5563079626578803,0.5630340472267985,0.42155414972086974,4.633168588687535,2.4162548050521693,1.6073585941790225,610
CBR,30,10,1.0,True,n/a,1821,0.5417886326194399,0.5630340472267985,0.4324850205889184,9.173531026908293,3.4200988467874796,1.899505766062603,1108
MMR,30,10,0.0,True,main,1821,0.48344816035145527,0.5630340472267985,0.5528522502663986,10.0,4.377265238879737,2.0,0
MMR,30,10,0.5,True,main,1821,0.5371439319055464,0.5630340472267985,0.5381667090856613,10.0,4.306425041186161,2.0,0
MMR,30,10,0.6,True,main,1821,0.5382493135639759,0.5630340472267985,0.5364671400622414,10.0,4.296540362438221,1.99945085118067,0
MMR,30,10,0.7,True,main,1821,0.538838495332235,0.5630340472267985,0.5353000914755689,9.99176276771005,4.28775398132894,1.99835255354201,14
MMR,30,10,0.8,True,main,1821,0.5394887973640856,0.5630340472267985,0.5322837201934688,9.98846787479407,4.257550796265788,1.9978034047226798,20
MMR,30,10,0.9,True,main,1821,0.5402526633717738,0.5630340472267985,0.5260511373176151,9.978034047226798,4.227347611202636,1.9967051070840198,33
MMR,30,10,1.0,True,main,1821,0.5417886326194399,0.5630340472267985,0.4324850205889184,9.173531026908293,3.4200988467874796,1.899505766062603,1108
MMR_weight_sensitivity,15,5,0.7,True,main_20_25_40_15,1821,0.5536417353102691,0.5630340472267985,0.526472971220212,4.99725425590335,2.880834706205382,1.8962108731466227,5
MMR_weight_sensitivity,15,5,0.7,True,uniform_25_25_25_25,1821,0.553817243272927,0.5630340472267985,0.5241241000046583,4.99176276771005,2.9082921471718834,1.9022515101592532,15
MMR_weight_sensitivity,15,5,0.7,True,model_heavy_10_15_65_10,1821,0.5535768259198243,0.5630340472267985,0.5213610311928183,5.0,2.609006040637013,1.768808347062054,0
MMR_weight_sensitivity,15,5,0.7,True,no_preprocessing_24_29_47_00,1821,0.5537830862163646,0.5630340472267985,0.5164760357589753,5.0,2.9752883031301485,1.8934651290499724,0
MMR_no_top1_constraint,15,5,0.7,False,main,1821,0.5536417353102691,0.5630340472267985,0.526472971220212,4.99725425590335,2.880834706205382,1.8962108731466227,5
